ID,APP_ID,VERSION,SRC
1,153,9.153.1,http://appstore.com/repository/9.153.1.zip
2,694,3.694.2,http://appstore.com/repository/3.694.2.zip
3,335,1.335.3,http://appstore.com/repository/1.335.3.zip
4,792,9.792.4,http://appstore.com/repository/9.792.4.zip
5,548,8.548.5,http://appstore.com/repository/8.548.5.zip
6,29,6.29.6,http://appstore.com/repository/6.29.6.zip
7,716,4.716.7,http://appstore.com/repository/4.716.7.zip
8,937,5.937.8,http://appstore.com/repository/5.937.8.zip
9,243,1.243.9,http://appstore.com/repository/1.243.9.zip
10,462,0.462.10,http://appstore.com/repository/0.462.10.zip
11,183,1.183.11,http://appstore.com/repository/1.183.11.zip
12,311,3.311.12,http://appstore.com/repository/3.311.12.zip
13,636,2.636.13,http://appstore.com/repository/2.636.13.zip
14,749,9.749.14,http://appstore.com/repository/9.749.14.zip
15,925,4.925.15,http://appstore.com/repository/4.925.15.zip
16,438,4.438.16,http://appstore.com/repository/4.438.16.zip
17,838,8.838.17,http://appstore.com/repository/8.838.17.zip
18,704,9.704.18,http://appstore.com/repository/9.704.18.zip
19,948,7.948.19,http://appstore.com/repository/7.948.19.zip
20,177,2.177.20,http://appstore.com/repository/2.177.20.zip
21,754,8.754.21,http://appstore.com/repository/8.754.21.zip
22,137,1.137.22,http://appstore.com/repository/1.137.22.zip
23,850,6.850.23,http://appstore.com/repository/6.850.23.zip
24,534,8.534.24,http://appstore.com/repository/8.534.24.zip
25,26,9.26.25,http://appstore.com/repository/9.26.25.zip
26,775,7.775.26,http://appstore.com/repository/7.775.26.zip
27,471,1.471.27,http://appstore.com/repository/1.471.27.zip
28,886,6.886.28,http://appstore.com/repository/6.886.28.zip
29,951,8.951.29,http://appstore.com/repository/8.951.29.zip
30,627,6.627.30,http://appstore.com/repository/6.627.30.zip
31,542,7.542.31,http://appstore.com/repository/7.542.31.zip
32,256,8.256.32,http://appstore.com/repository/8.256.32.zip
33,15,8.15.33,http://appstore.com/repository/8.15.33.zip
34,180,4.180.34,http://appstore.com/repository/4.180.34.zip
35,927,2.927.35,http://appstore.com/repository/2.927.35.zip
36,364,9.364.36,http://appstore.com/repository/9.364.36.zip
37,866,5.866.37,http://appstore.com/repository/5.866.37.zip
38,29,6.29.38,http://appstore.com/repository/6.29.38.zip
39,204,2.204.39,http://appstore.com/repository/2.204.39.zip
40,995,8.995.40,http://appstore.com/repository/8.995.40.zip
41,533,4.533.41,http://appstore.com/repository/4.533.41.zip
42,639,8.639.42,http://appstore.com/repository/8.639.42.zip
43,677,4.677.43,http://appstore.com/repository/4.677.43.zip
44,816,0.816.44,http://appstore.com/repository/0.816.44.zip
45,375,1.375.45,http://appstore.com/repository/1.375.45.zip
46,548,9.548.46,http://appstore.com/repository/9.548.46.zip
47,48,5.48.47,http://appstore.com/repository/5.48.47.zip
48,720,9.720.48,http://appstore.com/repository/9.720.48.zip
49,169,4.169.49,http://appstore.com/repository/4.169.49.zip
50,682,2.682.50,http://appstore.com/repository/2.682.50.zip
51,365,6.365.51,http://appstore.com/repository/6.365.51.zip
52,754,8.754.52,http://appstore.com/repository/8.754.52.zip
53,915,4.915.53,http://appstore.com/repository/4.915.53.zip
54,142,4.142.54,http://appstore.com/repository/4.142.54.zip
55,523,7.523.55,http://appstore.com/repository/7.523.55.zip
56,211,9.211.56,http://appstore.com/repository/9.211.56.zip
57,143,8.143.57,http://appstore.com/repository/8.143.57.zip
58,62,2.62.58,http://appstore.com/repository/2.62.58.zip
59,24,5.24.59,http://appstore.com/repository/5.24.59.zip
60,621,8.621.60,http://appstore.com/repository/8.621.60.zip
61,240,7.240.61,http://appstore.com/repository/7.240.61.zip
62,671,4.671.62,http://appstore.com/repository/4.671.62.zip
63,450,2.450.63,http://appstore.com/repository/2.450.63.zip
64,790,5.790.64,http://appstore.com/repository/5.790.64.zip
65,641,7.641.65,http://appstore.com/repository/7.641.65.zip
66,10,3.10.66,http://appstore.com/repository/3.10.66.zip
67,488,6.488.67,http://appstore.com/repository/6.488.67.zip
68,528,0.528.68,http://appstore.com/repository/0.528.68.zip
69,98,5.98.69,http://appstore.com/repository/5.98.69.zip
70,472,8.472.70,http://appstore.com/repository/8.472.70.zip
71,123,2.123.71,http://appstore.com/repository/2.123.71.zip
72,22,3.22.72,http://appstore.com/repository/3.22.72.zip
73,282,0.282.73,http://appstore.com/repository/0.282.73.zip
74,962,3.962.74,http://appstore.com/repository/3.962.74.zip
75,652,5.652.75,http://appstore.com/repository/5.652.75.zip
76,831,6.831.76,http://appstore.com/repository/6.831.76.zip
77,464,1.464.77,http://appstore.com/repository/1.464.77.zip
78,357,1.357.78,http://appstore.com/repository/1.357.78.zip
79,110,6.110.79,http://appstore.com/repository/6.110.79.zip
80,787,5.787.80,http://appstore.com/repository/5.787.80.zip
81,821,6.821.81,http://appstore.com/repository/6.821.81.zip
82,702,0.702.82,http://appstore.com/repository/0.702.82.zip
83,498,1.498.83,http://appstore.com/repository/1.498.83.zip
84,319,7.319.84,http://appstore.com/repository/7.319.84.zip
85,884,7.884.85,http://appstore.com/repository/7.884.85.zip
86,3,5.3.86,http://appstore.com/repository/5.3.86.zip
87,778,8.778.87,http://appstore.com/repository/8.778.87.zip
88,755,7.755.88,http://appstore.com/repository/7.755.88.zip
89,967,0.967.89,http://appstore.com/repository/0.967.89.zip
90,60,6.60.90,http://appstore.com/repository/6.60.90.zip
91,688,0.688.91,http://appstore.com/repository/0.688.91.zip
92,314,8.314.92,http://appstore.com/repository/8.314.92.zip
93,111,2.111.93,http://appstore.com/repository/2.111.93.zip
94,274,2.274.94,http://appstore.com/repository/2.274.94.zip
95,435,8.435.95,http://appstore.com/repository/8.435.95.zip
96,212,8.212.96,http://appstore.com/repository/8.212.96.zip
97,238,9.238.97,http://appstore.com/repository/9.238.97.zip
98,669,7.669.98,http://appstore.com/repository/7.669.98.zip
99,586,0.586.99,http://appstore.com/repository/0.586.99.zip
100,690,1.690.100,http://appstore.com/repository/1.690.100.zip
101,488,8.488.101,http://appstore.com/repository/8.488.101.zip
102,418,6.418.102,http://appstore.com/repository/6.418.102.zip
103,691,2.691.103,http://appstore.com/repository/2.691.103.zip
104,765,7.765.104,http://appstore.com/repository/7.765.104.zip
105,892,2.892.105,http://appstore.com/repository/2.892.105.zip
106,402,0.402.106,http://appstore.com/repository/0.402.106.zip
107,3,6.3.107,http://appstore.com/repository/6.3.107.zip
108,407,0.407.108,http://appstore.com/repository/0.407.108.zip
109,628,9.628.109,http://appstore.com/repository/9.628.109.zip
110,847,4.847.110,http://appstore.com/repository/4.847.110.zip
111,244,0.244.111,http://appstore.com/repository/0.244.111.zip
112,319,4.319.112,http://appstore.com/repository/4.319.112.zip
113,339,7.339.113,http://appstore.com/repository/7.339.113.zip
114,443,8.443.114,http://appstore.com/repository/8.443.114.zip
115,912,3.912.115,http://appstore.com/repository/3.912.115.zip
116,958,6.958.116,http://appstore.com/repository/6.958.116.zip
117,681,7.681.117,http://appstore.com/repository/7.681.117.zip
118,427,8.427.118,http://appstore.com/repository/8.427.118.zip
119,112,7.112.119,http://appstore.com/repository/7.112.119.zip
120,467,4.467.120,http://appstore.com/repository/4.467.120.zip
121,521,5.521.121,http://appstore.com/repository/5.521.121.zip
122,16,2.16.122,http://appstore.com/repository/2.16.122.zip
123,988,4.988.123,http://appstore.com/repository/4.988.123.zip
124,64,5.64.124,http://appstore.com/repository/5.64.124.zip
125,83,0.83.125,http://appstore.com/repository/0.83.125.zip
126,69,3.69.126,http://appstore.com/repository/3.69.126.zip
127,912,7.912.127,http://appstore.com/repository/7.912.127.zip
128,991,4.991.128,http://appstore.com/repository/4.991.128.zip
129,344,1.344.129,http://appstore.com/repository/1.344.129.zip
130,669,0.669.130,http://appstore.com/repository/0.669.130.zip
131,955,3.955.131,http://appstore.com/repository/3.955.131.zip
132,351,3.351.132,http://appstore.com/repository/3.351.132.zip
133,563,9.563.133,http://appstore.com/repository/9.563.133.zip
134,231,4.231.134,http://appstore.com/repository/4.231.134.zip
135,129,4.129.135,http://appstore.com/repository/4.129.135.zip
136,718,8.718.136,http://appstore.com/repository/8.718.136.zip
137,953,5.953.137,http://appstore.com/repository/5.953.137.zip
138,465,9.465.138,http://appstore.com/repository/9.465.138.zip
139,372,6.372.139,http://appstore.com/repository/6.372.139.zip
140,128,3.128.140,http://appstore.com/repository/3.128.140.zip
141,587,2.587.141,http://appstore.com/repository/2.587.141.zip
142,8,7.8.142,http://appstore.com/repository/7.8.142.zip
143,860,6.860.143,http://appstore.com/repository/6.860.143.zip
144,790,7.790.144,http://appstore.com/repository/7.790.144.zip
145,674,1.674.145,http://appstore.com/repository/1.674.145.zip
146,328,4.328.146,http://appstore.com/repository/4.328.146.zip
147,98,0.98.147,http://appstore.com/repository/0.98.147.zip
148,556,1.556.148,http://appstore.com/repository/1.556.148.zip
149,803,3.803.149,http://appstore.com/repository/3.803.149.zip
150,877,0.877.150,http://appstore.com/repository/0.877.150.zip
151,652,4.652.151,http://appstore.com/repository/4.652.151.zip
152,303,4.303.152,http://appstore.com/repository/4.303.152.zip
153,126,2.126.153,http://appstore.com/repository/2.126.153.zip
154,246,8.246.154,http://appstore.com/repository/8.246.154.zip
155,332,5.332.155,http://appstore.com/repository/5.332.155.zip
156,599,0.599.156,http://appstore.com/repository/0.599.156.zip
157,731,4.731.157,http://appstore.com/repository/4.731.157.zip
158,837,7.837.158,http://appstore.com/repository/7.837.158.zip
159,741,0.741.159,http://appstore.com/repository/0.741.159.zip
160,737,5.737.160,http://appstore.com/repository/5.737.160.zip
161,389,9.389.161,http://appstore.com/repository/9.389.161.zip
162,697,7.697.162,http://appstore.com/repository/7.697.162.zip
163,858,6.858.163,http://appstore.com/repository/6.858.163.zip
164,16,0.16.164,http://appstore.com/repository/0.16.164.zip
165,334,4.334.165,http://appstore.com/repository/4.334.165.zip
166,160,6.160.166,http://appstore.com/repository/6.160.166.zip
167,590,7.590.167,http://appstore.com/repository/7.590.167.zip
168,135,3.135.168,http://appstore.com/repository/3.135.168.zip
169,354,5.354.169,http://appstore.com/repository/5.354.169.zip
170,175,5.175.170,http://appstore.com/repository/5.175.170.zip
171,656,2.656.171,http://appstore.com/repository/2.656.171.zip
172,786,3.786.172,http://appstore.com/repository/3.786.172.zip
173,11,9.11.173,http://appstore.com/repository/9.11.173.zip
174,224,0.224.174,http://appstore.com/repository/0.224.174.zip
175,946,6.946.175,http://appstore.com/repository/6.946.175.zip
176,664,3.664.176,http://appstore.com/repository/3.664.176.zip
177,752,3.752.177,http://appstore.com/repository/3.752.177.zip
178,505,4.505.178,http://appstore.com/repository/4.505.178.zip
179,407,0.407.179,http://appstore.com/repository/0.407.179.zip
180,496,0.496.180,http://appstore.com/repository/0.496.180.zip
181,7,9.7.181,http://appstore.com/repository/9.7.181.zip
182,198,1.198.182,http://appstore.com/repository/1.198.182.zip
183,119,6.119.183,http://appstore.com/repository/6.119.183.zip
184,666,5.666.184,http://appstore.com/repository/5.666.184.zip
185,278,8.278.185,http://appstore.com/repository/8.278.185.zip
186,720,3.720.186,http://appstore.com/repository/3.720.186.zip
187,422,8.422.187,http://appstore.com/repository/8.422.187.zip
188,55,6.55.188,http://appstore.com/repository/6.55.188.zip
189,694,6.694.189,http://appstore.com/repository/6.694.189.zip
190,637,0.637.190,http://appstore.com/repository/0.637.190.zip
191,864,3.864.191,http://appstore.com/repository/3.864.191.zip
192,744,8.744.192,http://appstore.com/repository/8.744.192.zip
193,977,5.977.193,http://appstore.com/repository/5.977.193.zip
194,33,0.33.194,http://appstore.com/repository/0.33.194.zip
195,494,5.494.195,http://appstore.com/repository/5.494.195.zip
196,926,5.926.196,http://appstore.com/repository/5.926.196.zip
197,780,7.780.197,http://appstore.com/repository/7.780.197.zip
198,433,6.433.198,http://appstore.com/repository/6.433.198.zip
199,750,6.750.199,http://appstore.com/repository/6.750.199.zip
200,66,3.66.200,http://appstore.com/repository/3.66.200.zip
201,491,8.491.201,http://appstore.com/repository/8.491.201.zip
202,168,3.168.202,http://appstore.com/repository/3.168.202.zip
203,350,8.350.203,http://appstore.com/repository/8.350.203.zip
204,23,6.23.204,http://appstore.com/repository/6.23.204.zip
205,1000,4.1000.205,http://appstore.com/repository/4.1000.205.zip
206,148,6.148.206,http://appstore.com/repository/6.148.206.zip
207,271,8.271.207,http://appstore.com/repository/8.271.207.zip
208,303,1.303.208,http://appstore.com/repository/1.303.208.zip
209,660,0.660.209,http://appstore.com/repository/0.660.209.zip
210,591,5.591.210,http://appstore.com/repository/5.591.210.zip
211,524,5.524.211,http://appstore.com/repository/5.524.211.zip
212,999,8.999.212,http://appstore.com/repository/8.999.212.zip
213,373,4.373.213,http://appstore.com/repository/4.373.213.zip
214,266,0.266.214,http://appstore.com/repository/0.266.214.zip
215,807,9.807.215,http://appstore.com/repository/9.807.215.zip
216,833,8.833.216,http://appstore.com/repository/8.833.216.zip
217,619,3.619.217,http://appstore.com/repository/3.619.217.zip
218,60,4.60.218,http://appstore.com/repository/4.60.218.zip
219,190,7.190.219,http://appstore.com/repository/7.190.219.zip
220,257,9.257.220,http://appstore.com/repository/9.257.220.zip
221,932,4.932.221,http://appstore.com/repository/4.932.221.zip
222,192,3.192.222,http://appstore.com/repository/3.192.222.zip
223,740,8.740.223,http://appstore.com/repository/8.740.223.zip
224,287,4.287.224,http://appstore.com/repository/4.287.224.zip
225,954,6.954.225,http://appstore.com/repository/6.954.225.zip
226,256,5.256.226,http://appstore.com/repository/5.256.226.zip
227,569,8.569.227,http://appstore.com/repository/8.569.227.zip
228,820,3.820.228,http://appstore.com/repository/3.820.228.zip
229,896,5.896.229,http://appstore.com/repository/5.896.229.zip
230,529,6.529.230,http://appstore.com/repository/6.529.230.zip
231,487,9.487.231,http://appstore.com/repository/9.487.231.zip
232,638,1.638.232,http://appstore.com/repository/1.638.232.zip
233,894,6.894.233,http://appstore.com/repository/6.894.233.zip
234,641,8.641.234,http://appstore.com/repository/8.641.234.zip
235,296,7.296.235,http://appstore.com/repository/7.296.235.zip
236,122,5.122.236,http://appstore.com/repository/5.122.236.zip
237,306,2.306.237,http://appstore.com/repository/2.306.237.zip
238,492,2.492.238,http://appstore.com/repository/2.492.238.zip
239,38,7.38.239,http://appstore.com/repository/7.38.239.zip
240,343,3.343.240,http://appstore.com/repository/3.343.240.zip
241,99,0.99.241,http://appstore.com/repository/0.99.241.zip
242,835,6.835.242,http://appstore.com/repository/6.835.242.zip
243,444,4.444.243,http://appstore.com/repository/4.444.243.zip
244,844,7.844.244,http://appstore.com/repository/7.844.244.zip
245,559,0.559.245,http://appstore.com/repository/0.559.245.zip
246,334,2.334.246,http://appstore.com/repository/2.334.246.zip
247,771,8.771.247,http://appstore.com/repository/8.771.247.zip
248,971,2.971.248,http://appstore.com/repository/2.971.248.zip
249,52,4.52.249,http://appstore.com/repository/4.52.249.zip
250,938,7.938.250,http://appstore.com/repository/7.938.250.zip
251,559,9.559.251,http://appstore.com/repository/9.559.251.zip
252,467,2.467.252,http://appstore.com/repository/2.467.252.zip
253,502,5.502.253,http://appstore.com/repository/5.502.253.zip
254,830,7.830.254,http://appstore.com/repository/7.830.254.zip
255,369,2.369.255,http://appstore.com/repository/2.369.255.zip
256,767,2.767.256,http://appstore.com/repository/2.767.256.zip
257,93,4.93.257,http://appstore.com/repository/4.93.257.zip
258,533,2.533.258,http://appstore.com/repository/2.533.258.zip
259,112,7.112.259,http://appstore.com/repository/7.112.259.zip
260,378,9.378.260,http://appstore.com/repository/9.378.260.zip
261,299,7.299.261,http://appstore.com/repository/7.299.261.zip
262,572,8.572.262,http://appstore.com/repository/8.572.262.zip
263,999,7.999.263,http://appstore.com/repository/7.999.263.zip
264,552,4.552.264,http://appstore.com/repository/4.552.264.zip
265,665,9.665.265,http://appstore.com/repository/9.665.265.zip
266,724,8.724.266,http://appstore.com/repository/8.724.266.zip
267,590,2.590.267,http://appstore.com/repository/2.590.267.zip
268,64,0.64.268,http://appstore.com/repository/0.64.268.zip
269,510,6.510.269,http://appstore.com/repository/6.510.269.zip
270,890,8.890.270,http://appstore.com/repository/8.890.270.zip
271,34,9.34.271,http://appstore.com/repository/9.34.271.zip
272,708,5.708.272,http://appstore.com/repository/5.708.272.zip
273,68,1.68.273,http://appstore.com/repository/1.68.273.zip
274,738,7.738.274,http://appstore.com/repository/7.738.274.zip
275,599,4.599.275,http://appstore.com/repository/4.599.275.zip
276,491,2.491.276,http://appstore.com/repository/2.491.276.zip
277,565,8.565.277,http://appstore.com/repository/8.565.277.zip
278,624,1.624.278,http://appstore.com/repository/1.624.278.zip
279,585,7.585.279,http://appstore.com/repository/7.585.279.zip
280,949,3.949.280,http://appstore.com/repository/3.949.280.zip
281,337,2.337.281,http://appstore.com/repository/2.337.281.zip
282,442,8.442.282,http://appstore.com/repository/8.442.282.zip
283,392,7.392.283,http://appstore.com/repository/7.392.283.zip
284,484,5.484.284,http://appstore.com/repository/5.484.284.zip
285,824,7.824.285,http://appstore.com/repository/7.824.285.zip
286,866,4.866.286,http://appstore.com/repository/4.866.286.zip
287,732,6.732.287,http://appstore.com/repository/6.732.287.zip
288,952,6.952.288,http://appstore.com/repository/6.952.288.zip
289,526,0.526.289,http://appstore.com/repository/0.526.289.zip
290,882,8.882.290,http://appstore.com/repository/8.882.290.zip
291,171,8.171.291,http://appstore.com/repository/8.171.291.zip
292,130,5.130.292,http://appstore.com/repository/5.130.292.zip
293,392,7.392.293,http://appstore.com/repository/7.392.293.zip
294,972,3.972.294,http://appstore.com/repository/3.972.294.zip
295,818,3.818.295,http://appstore.com/repository/3.818.295.zip
296,860,9.860.296,http://appstore.com/repository/9.860.296.zip
297,611,5.611.297,http://appstore.com/repository/5.611.297.zip
298,625,1.625.298,http://appstore.com/repository/1.625.298.zip
299,931,2.931.299,http://appstore.com/repository/2.931.299.zip
300,948,4.948.300,http://appstore.com/repository/4.948.300.zip
301,769,9.769.301,http://appstore.com/repository/9.769.301.zip
302,949,9.949.302,http://appstore.com/repository/9.949.302.zip
303,882,8.882.303,http://appstore.com/repository/8.882.303.zip
304,846,3.846.304,http://appstore.com/repository/3.846.304.zip
305,967,6.967.305,http://appstore.com/repository/6.967.305.zip
306,992,8.992.306,http://appstore.com/repository/8.992.306.zip
307,97,5.97.307,http://appstore.com/repository/5.97.307.zip
308,714,8.714.308,http://appstore.com/repository/8.714.308.zip
309,272,7.272.309,http://appstore.com/repository/7.272.309.zip
310,265,6.265.310,http://appstore.com/repository/6.265.310.zip
311,974,0.974.311,http://appstore.com/repository/0.974.311.zip
312,124,3.124.312,http://appstore.com/repository/3.124.312.zip
313,855,7.855.313,http://appstore.com/repository/7.855.313.zip
314,518,0.518.314,http://appstore.com/repository/0.518.314.zip
315,452,7.452.315,http://appstore.com/repository/7.452.315.zip
316,791,9.791.316,http://appstore.com/repository/9.791.316.zip
317,249,1.249.317,http://appstore.com/repository/1.249.317.zip
318,880,7.880.318,http://appstore.com/repository/7.880.318.zip
319,3,8.3.319,http://appstore.com/repository/8.3.319.zip
320,718,2.718.320,http://appstore.com/repository/2.718.320.zip
321,752,1.752.321,http://appstore.com/repository/1.752.321.zip
322,693,4.693.322,http://appstore.com/repository/4.693.322.zip
323,581,4.581.323,http://appstore.com/repository/4.581.323.zip
324,370,4.370.324,http://appstore.com/repository/4.370.324.zip
325,720,2.720.325,http://appstore.com/repository/2.720.325.zip
326,389,3.389.326,http://appstore.com/repository/3.389.326.zip
327,394,7.394.327,http://appstore.com/repository/7.394.327.zip
328,275,9.275.328,http://appstore.com/repository/9.275.328.zip
329,334,4.334.329,http://appstore.com/repository/4.334.329.zip
330,679,4.679.330,http://appstore.com/repository/4.679.330.zip
331,171,7.171.331,http://appstore.com/repository/7.171.331.zip
332,935,8.935.332,http://appstore.com/repository/8.935.332.zip
333,284,2.284.333,http://appstore.com/repository/2.284.333.zip
334,876,5.876.334,http://appstore.com/repository/5.876.334.zip
335,972,6.972.335,http://appstore.com/repository/6.972.335.zip
336,632,3.632.336,http://appstore.com/repository/3.632.336.zip
337,404,1.404.337,http://appstore.com/repository/1.404.337.zip
338,558,1.558.338,http://appstore.com/repository/1.558.338.zip
339,813,1.813.339,http://appstore.com/repository/1.813.339.zip
340,453,4.453.340,http://appstore.com/repository/4.453.340.zip
341,780,6.780.341,http://appstore.com/repository/6.780.341.zip
342,143,4.143.342,http://appstore.com/repository/4.143.342.zip
343,375,1.375.343,http://appstore.com/repository/1.375.343.zip
344,679,2.679.344,http://appstore.com/repository/2.679.344.zip
345,792,2.792.345,http://appstore.com/repository/2.792.345.zip
346,421,1.421.346,http://appstore.com/repository/1.421.346.zip
347,693,7.693.347,http://appstore.com/repository/7.693.347.zip
348,777,3.777.348,http://appstore.com/repository/3.777.348.zip
349,903,1.903.349,http://appstore.com/repository/1.903.349.zip
350,859,6.859.350,http://appstore.com/repository/6.859.350.zip
351,298,6.298.351,http://appstore.com/repository/6.298.351.zip
352,134,2.134.352,http://appstore.com/repository/2.134.352.zip
353,295,1.295.353,http://appstore.com/repository/1.295.353.zip
354,701,4.701.354,http://appstore.com/repository/4.701.354.zip
355,727,4.727.355,http://appstore.com/repository/4.727.355.zip
356,471,7.471.356,http://appstore.com/repository/7.471.356.zip
357,219,9.219.357,http://appstore.com/repository/9.219.357.zip
358,618,2.618.358,http://appstore.com/repository/2.618.358.zip
359,908,6.908.359,http://appstore.com/repository/6.908.359.zip
360,389,9.389.360,http://appstore.com/repository/9.389.360.zip
361,616,7.616.361,http://appstore.com/repository/7.616.361.zip
362,679,5.679.362,http://appstore.com/repository/5.679.362.zip
363,398,2.398.363,http://appstore.com/repository/2.398.363.zip
364,343,3.343.364,http://appstore.com/repository/3.343.364.zip
365,460,2.460.365,http://appstore.com/repository/2.460.365.zip
366,164,8.164.366,http://appstore.com/repository/8.164.366.zip
367,226,7.226.367,http://appstore.com/repository/7.226.367.zip
368,225,9.225.368,http://appstore.com/repository/9.225.368.zip
369,238,5.238.369,http://appstore.com/repository/5.238.369.zip
370,683,1.683.370,http://appstore.com/repository/1.683.370.zip
371,998,5.998.371,http://appstore.com/repository/5.998.371.zip
372,851,2.851.372,http://appstore.com/repository/2.851.372.zip
373,424,1.424.373,http://appstore.com/repository/1.424.373.zip
374,605,1.605.374,http://appstore.com/repository/1.605.374.zip
375,43,4.43.375,http://appstore.com/repository/4.43.375.zip
376,635,3.635.376,http://appstore.com/repository/3.635.376.zip
377,989,1.989.377,http://appstore.com/repository/1.989.377.zip
378,648,1.648.378,http://appstore.com/repository/1.648.378.zip
379,563,6.563.379,http://appstore.com/repository/6.563.379.zip
380,816,3.816.380,http://appstore.com/repository/3.816.380.zip
381,991,4.991.381,http://appstore.com/repository/4.991.381.zip
382,665,3.665.382,http://appstore.com/repository/3.665.382.zip
383,944,5.944.383,http://appstore.com/repository/5.944.383.zip
384,643,9.643.384,http://appstore.com/repository/9.643.384.zip
385,739,1.739.385,http://appstore.com/repository/1.739.385.zip
386,387,0.387.386,http://appstore.com/repository/0.387.386.zip
387,468,8.468.387,http://appstore.com/repository/8.468.387.zip
388,513,3.513.388,http://appstore.com/repository/3.513.388.zip
389,391,9.391.389,http://appstore.com/repository/9.391.389.zip
390,813,9.813.390,http://appstore.com/repository/9.813.390.zip
391,593,6.593.391,http://appstore.com/repository/6.593.391.zip
392,533,9.533.392,http://appstore.com/repository/9.533.392.zip
393,780,2.780.393,http://appstore.com/repository/2.780.393.zip
394,228,4.228.394,http://appstore.com/repository/4.228.394.zip
395,468,5.468.395,http://appstore.com/repository/5.468.395.zip
396,222,1.222.396,http://appstore.com/repository/1.222.396.zip
397,269,7.269.397,http://appstore.com/repository/7.269.397.zip
398,408,5.408.398,http://appstore.com/repository/5.408.398.zip
399,132,2.132.399,http://appstore.com/repository/2.132.399.zip
400,239,0.239.400,http://appstore.com/repository/0.239.400.zip
401,356,0.356.401,http://appstore.com/repository/0.356.401.zip
402,333,6.333.402,http://appstore.com/repository/6.333.402.zip
403,162,5.162.403,http://appstore.com/repository/5.162.403.zip
404,198,2.198.404,http://appstore.com/repository/2.198.404.zip
405,572,5.572.405,http://appstore.com/repository/5.572.405.zip
406,6,0.6.406,http://appstore.com/repository/0.6.406.zip
407,910,4.910.407,http://appstore.com/repository/4.910.407.zip
408,506,3.506.408,http://appstore.com/repository/3.506.408.zip
409,245,3.245.409,http://appstore.com/repository/3.245.409.zip
410,999,8.999.410,http://appstore.com/repository/8.999.410.zip
411,167,0.167.411,http://appstore.com/repository/0.167.411.zip
412,517,3.517.412,http://appstore.com/repository/3.517.412.zip
413,256,2.256.413,http://appstore.com/repository/2.256.413.zip
414,984,2.984.414,http://appstore.com/repository/2.984.414.zip
415,78,0.78.415,http://appstore.com/repository/0.78.415.zip
416,337,4.337.416,http://appstore.com/repository/4.337.416.zip
417,429,8.429.417,http://appstore.com/repository/8.429.417.zip
418,963,4.963.418,http://appstore.com/repository/4.963.418.zip
419,546,5.546.419,http://appstore.com/repository/5.546.419.zip
420,827,4.827.420,http://appstore.com/repository/4.827.420.zip
421,788,3.788.421,http://appstore.com/repository/3.788.421.zip
422,8,3.8.422,http://appstore.com/repository/3.8.422.zip
423,751,9.751.423,http://appstore.com/repository/9.751.423.zip
424,246,5.246.424,http://appstore.com/repository/5.246.424.zip
425,998,9.998.425,http://appstore.com/repository/9.998.425.zip
426,763,0.763.426,http://appstore.com/repository/0.763.426.zip
427,514,9.514.427,http://appstore.com/repository/9.514.427.zip
428,11,7.11.428,http://appstore.com/repository/7.11.428.zip
429,990,5.990.429,http://appstore.com/repository/5.990.429.zip
430,939,9.939.430,http://appstore.com/repository/9.939.430.zip
431,603,7.603.431,http://appstore.com/repository/7.603.431.zip
432,274,6.274.432,http://appstore.com/repository/6.274.432.zip
433,466,0.466.433,http://appstore.com/repository/0.466.433.zip
434,174,1.174.434,http://appstore.com/repository/1.174.434.zip
435,74,4.74.435,http://appstore.com/repository/4.74.435.zip
436,741,3.741.436,http://appstore.com/repository/3.741.436.zip
437,859,8.859.437,http://appstore.com/repository/8.859.437.zip
438,656,1.656.438,http://appstore.com/repository/1.656.438.zip
439,703,3.703.439,http://appstore.com/repository/3.703.439.zip
440,903,9.903.440,http://appstore.com/repository/9.903.440.zip
441,716,3.716.441,http://appstore.com/repository/3.716.441.zip
442,157,9.157.442,http://appstore.com/repository/9.157.442.zip
443,717,9.717.443,http://appstore.com/repository/9.717.443.zip
444,397,8.397.444,http://appstore.com/repository/8.397.444.zip
445,142,8.142.445,http://appstore.com/repository/8.142.445.zip
446,467,9.467.446,http://appstore.com/repository/9.467.446.zip
447,111,8.111.447,http://appstore.com/repository/8.111.447.zip
448,854,8.854.448,http://appstore.com/repository/8.854.448.zip
449,165,5.165.449,http://appstore.com/repository/5.165.449.zip
450,914,6.914.450,http://appstore.com/repository/6.914.450.zip
451,77,2.77.451,http://appstore.com/repository/2.77.451.zip
452,917,9.917.452,http://appstore.com/repository/9.917.452.zip
453,693,9.693.453,http://appstore.com/repository/9.693.453.zip
454,441,3.441.454,http://appstore.com/repository/3.441.454.zip
455,36,5.36.455,http://appstore.com/repository/5.36.455.zip
456,11,0.11.456,http://appstore.com/repository/0.11.456.zip
457,628,9.628.457,http://appstore.com/repository/9.628.457.zip
458,989,6.989.458,http://appstore.com/repository/6.989.458.zip
459,358,4.358.459,http://appstore.com/repository/4.358.459.zip
460,220,4.220.460,http://appstore.com/repository/4.220.460.zip
461,140,4.140.461,http://appstore.com/repository/4.140.461.zip
462,575,1.575.462,http://appstore.com/repository/1.575.462.zip
463,958,5.958.463,http://appstore.com/repository/5.958.463.zip
464,432,2.432.464,http://appstore.com/repository/2.432.464.zip
465,746,5.746.465,http://appstore.com/repository/5.746.465.zip
466,96,7.96.466,http://appstore.com/repository/7.96.466.zip
467,513,4.513.467,http://appstore.com/repository/4.513.467.zip
468,600,8.600.468,http://appstore.com/repository/8.600.468.zip
469,33,5.33.469,http://appstore.com/repository/5.33.469.zip
470,745,1.745.470,http://appstore.com/repository/1.745.470.zip
471,614,5.614.471,http://appstore.com/repository/5.614.471.zip
472,84,2.84.472,http://appstore.com/repository/2.84.472.zip
473,872,9.872.473,http://appstore.com/repository/9.872.473.zip
474,630,5.630.474,http://appstore.com/repository/5.630.474.zip
475,822,7.822.475,http://appstore.com/repository/7.822.475.zip
476,47,6.47.476,http://appstore.com/repository/6.47.476.zip
477,781,6.781.477,http://appstore.com/repository/6.781.477.zip
478,665,3.665.478,http://appstore.com/repository/3.665.478.zip
479,16,6.16.479,http://appstore.com/repository/6.16.479.zip
480,95,5.95.480,http://appstore.com/repository/5.95.480.zip
481,189,1.189.481,http://appstore.com/repository/1.189.481.zip
482,826,3.826.482,http://appstore.com/repository/3.826.482.zip
483,161,7.161.483,http://appstore.com/repository/7.161.483.zip
484,197,0.197.484,http://appstore.com/repository/0.197.484.zip
485,496,2.496.485,http://appstore.com/repository/2.496.485.zip
486,178,6.178.486,http://appstore.com/repository/6.178.486.zip
487,80,4.80.487,http://appstore.com/repository/4.80.487.zip
488,605,0.605.488,http://appstore.com/repository/0.605.488.zip
489,554,1.554.489,http://appstore.com/repository/1.554.489.zip
490,508,1.508.490,http://appstore.com/repository/1.508.490.zip
491,512,4.512.491,http://appstore.com/repository/4.512.491.zip
492,967,8.967.492,http://appstore.com/repository/8.967.492.zip
493,352,5.352.493,http://appstore.com/repository/5.352.493.zip
494,646,6.646.494,http://appstore.com/repository/6.646.494.zip
495,20,2.20.495,http://appstore.com/repository/2.20.495.zip
496,121,1.121.496,http://appstore.com/repository/1.121.496.zip
497,418,8.418.497,http://appstore.com/repository/8.418.497.zip
498,575,8.575.498,http://appstore.com/repository/8.575.498.zip
499,938,2.938.499,http://appstore.com/repository/2.938.499.zip
500,111,1.111.500,http://appstore.com/repository/1.111.500.zip
501,104,5.104.501,http://appstore.com/repository/5.104.501.zip
502,564,9.564.502,http://appstore.com/repository/9.564.502.zip
503,132,7.132.503,http://appstore.com/repository/7.132.503.zip
504,334,9.334.504,http://appstore.com/repository/9.334.504.zip
505,896,1.896.505,http://appstore.com/repository/1.896.505.zip
506,230,3.230.506,http://appstore.com/repository/3.230.506.zip
507,133,7.133.507,http://appstore.com/repository/7.133.507.zip
508,895,7.895.508,http://appstore.com/repository/7.895.508.zip
509,448,2.448.509,http://appstore.com/repository/2.448.509.zip
510,184,7.184.510,http://appstore.com/repository/7.184.510.zip
511,116,9.116.511,http://appstore.com/repository/9.116.511.zip
512,666,0.666.512,http://appstore.com/repository/0.666.512.zip
513,15,8.15.513,http://appstore.com/repository/8.15.513.zip
514,868,5.868.514,http://appstore.com/repository/5.868.514.zip
515,279,2.279.515,http://appstore.com/repository/2.279.515.zip
516,683,1.683.516,http://appstore.com/repository/1.683.516.zip
517,284,8.284.517,http://appstore.com/repository/8.284.517.zip
518,609,6.609.518,http://appstore.com/repository/6.609.518.zip
519,638,7.638.519,http://appstore.com/repository/7.638.519.zip
520,787,9.787.520,http://appstore.com/repository/9.787.520.zip
521,455,3.455.521,http://appstore.com/repository/3.455.521.zip
522,206,6.206.522,http://appstore.com/repository/6.206.522.zip
523,332,2.332.523,http://appstore.com/repository/2.332.523.zip
524,605,1.605.524,http://appstore.com/repository/1.605.524.zip
525,877,4.877.525,http://appstore.com/repository/4.877.525.zip
526,174,0.174.526,http://appstore.com/repository/0.174.526.zip
527,943,0.943.527,http://appstore.com/repository/0.943.527.zip
528,35,1.35.528,http://appstore.com/repository/1.35.528.zip
529,556,0.556.529,http://appstore.com/repository/0.556.529.zip
530,324,9.324.530,http://appstore.com/repository/9.324.530.zip
531,874,5.874.531,http://appstore.com/repository/5.874.531.zip
532,75,8.75.532,http://appstore.com/repository/8.75.532.zip
533,830,4.830.533,http://appstore.com/repository/4.830.533.zip
534,836,0.836.534,http://appstore.com/repository/0.836.534.zip
535,455,8.455.535,http://appstore.com/repository/8.455.535.zip
536,466,3.466.536,http://appstore.com/repository/3.466.536.zip
537,903,5.903.537,http://appstore.com/repository/5.903.537.zip
538,495,5.495.538,http://appstore.com/repository/5.495.538.zip
539,231,5.231.539,http://appstore.com/repository/5.231.539.zip
540,366,4.366.540,http://appstore.com/repository/4.366.540.zip
541,685,9.685.541,http://appstore.com/repository/9.685.541.zip
542,336,1.336.542,http://appstore.com/repository/1.336.542.zip
543,566,7.566.543,http://appstore.com/repository/7.566.543.zip
544,413,7.413.544,http://appstore.com/repository/7.413.544.zip
545,208,4.208.545,http://appstore.com/repository/4.208.545.zip
546,217,5.217.546,http://appstore.com/repository/5.217.546.zip
547,363,9.363.547,http://appstore.com/repository/9.363.547.zip
548,465,5.465.548,http://appstore.com/repository/5.465.548.zip
549,132,7.132.549,http://appstore.com/repository/7.132.549.zip
550,754,8.754.550,http://appstore.com/repository/8.754.550.zip
551,837,9.837.551,http://appstore.com/repository/9.837.551.zip
552,484,8.484.552,http://appstore.com/repository/8.484.552.zip
553,961,2.961.553,http://appstore.com/repository/2.961.553.zip
554,846,9.846.554,http://appstore.com/repository/9.846.554.zip
555,1000,4.1000.555,http://appstore.com/repository/4.1000.555.zip
556,650,6.650.556,http://appstore.com/repository/6.650.556.zip
557,549,0.549.557,http://appstore.com/repository/0.549.557.zip
558,605,2.605.558,http://appstore.com/repository/2.605.558.zip
559,1000,7.1000.559,http://appstore.com/repository/7.1000.559.zip
560,9,3.9.560,http://appstore.com/repository/3.9.560.zip
561,273,1.273.561,http://appstore.com/repository/1.273.561.zip
562,451,7.451.562,http://appstore.com/repository/7.451.562.zip
563,138,8.138.563,http://appstore.com/repository/8.138.563.zip
564,441,0.441.564,http://appstore.com/repository/0.441.564.zip
565,584,9.584.565,http://appstore.com/repository/9.584.565.zip
566,576,0.576.566,http://appstore.com/repository/0.576.566.zip
567,157,8.157.567,http://appstore.com/repository/8.157.567.zip
568,104,4.104.568,http://appstore.com/repository/4.104.568.zip
569,26,3.26.569,http://appstore.com/repository/3.26.569.zip
570,664,2.664.570,http://appstore.com/repository/2.664.570.zip
571,895,7.895.571,http://appstore.com/repository/7.895.571.zip
572,593,2.593.572,http://appstore.com/repository/2.593.572.zip
573,90,2.90.573,http://appstore.com/repository/2.90.573.zip
574,740,4.740.574,http://appstore.com/repository/4.740.574.zip
575,387,0.387.575,http://appstore.com/repository/0.387.575.zip
576,85,5.85.576,http://appstore.com/repository/5.85.576.zip
577,926,2.926.577,http://appstore.com/repository/2.926.577.zip
578,7,4.7.578,http://appstore.com/repository/4.7.578.zip
579,316,6.316.579,http://appstore.com/repository/6.316.579.zip
580,171,7.171.580,http://appstore.com/repository/7.171.580.zip
581,546,9.546.581,http://appstore.com/repository/9.546.581.zip
582,743,1.743.582,http://appstore.com/repository/1.743.582.zip
583,539,3.539.583,http://appstore.com/repository/3.539.583.zip
584,418,8.418.584,http://appstore.com/repository/8.418.584.zip
585,130,8.130.585,http://appstore.com/repository/8.130.585.zip
586,905,8.905.586,http://appstore.com/repository/8.905.586.zip
587,255,9.255.587,http://appstore.com/repository/9.255.587.zip
588,217,0.217.588,http://appstore.com/repository/0.217.588.zip
589,239,2.239.589,http://appstore.com/repository/2.239.589.zip
590,683,9.683.590,http://appstore.com/repository/9.683.590.zip
591,894,6.894.591,http://appstore.com/repository/6.894.591.zip
592,641,4.641.592,http://appstore.com/repository/4.641.592.zip
593,329,2.329.593,http://appstore.com/repository/2.329.593.zip
594,826,7.826.594,http://appstore.com/repository/7.826.594.zip
595,366,7.366.595,http://appstore.com/repository/7.366.595.zip
596,490,0.490.596,http://appstore.com/repository/0.490.596.zip
597,427,0.427.597,http://appstore.com/repository/0.427.597.zip
598,42,8.42.598,http://appstore.com/repository/8.42.598.zip
599,465,7.465.599,http://appstore.com/repository/7.465.599.zip
600,680,8.680.600,http://appstore.com/repository/8.680.600.zip
601,610,7.610.601,http://appstore.com/repository/7.610.601.zip
602,433,4.433.602,http://appstore.com/repository/4.433.602.zip
603,240,6.240.603,http://appstore.com/repository/6.240.603.zip
604,361,8.361.604,http://appstore.com/repository/8.361.604.zip
605,267,2.267.605,http://appstore.com/repository/2.267.605.zip
606,867,5.867.606,http://appstore.com/repository/5.867.606.zip
607,667,7.667.607,http://appstore.com/repository/7.667.607.zip
608,179,5.179.608,http://appstore.com/repository/5.179.608.zip
609,196,8.196.609,http://appstore.com/repository/8.196.609.zip
610,194,7.194.610,http://appstore.com/repository/7.194.610.zip
611,369,1.369.611,http://appstore.com/repository/1.369.611.zip
612,931,3.931.612,http://appstore.com/repository/3.931.612.zip
613,736,6.736.613,http://appstore.com/repository/6.736.613.zip
614,494,6.494.614,http://appstore.com/repository/6.494.614.zip
615,944,2.944.615,http://appstore.com/repository/2.944.615.zip
616,895,7.895.616,http://appstore.com/repository/7.895.616.zip
617,653,5.653.617,http://appstore.com/repository/5.653.617.zip
618,406,8.406.618,http://appstore.com/repository/8.406.618.zip
619,66,2.66.619,http://appstore.com/repository/2.66.619.zip
620,739,1.739.620,http://appstore.com/repository/1.739.620.zip
621,409,0.409.621,http://appstore.com/repository/0.409.621.zip
622,195,2.195.622,http://appstore.com/repository/2.195.622.zip
623,692,7.692.623,http://appstore.com/repository/7.692.623.zip
624,201,8.201.624,http://appstore.com/repository/8.201.624.zip
625,537,5.537.625,http://appstore.com/repository/5.537.625.zip
626,387,8.387.626,http://appstore.com/repository/8.387.626.zip
627,261,8.261.627,http://appstore.com/repository/8.261.627.zip
628,398,2.398.628,http://appstore.com/repository/2.398.628.zip
629,377,6.377.629,http://appstore.com/repository/6.377.629.zip
630,606,3.606.630,http://appstore.com/repository/3.606.630.zip
631,19,3.19.631,http://appstore.com/repository/3.19.631.zip
632,120,1.120.632,http://appstore.com/repository/1.120.632.zip
633,410,2.410.633,http://appstore.com/repository/2.410.633.zip
634,245,1.245.634,http://appstore.com/repository/1.245.634.zip
635,422,5.422.635,http://appstore.com/repository/5.422.635.zip
636,772,8.772.636,http://appstore.com/repository/8.772.636.zip
637,260,8.260.637,http://appstore.com/repository/8.260.637.zip
638,724,6.724.638,http://appstore.com/repository/6.724.638.zip
639,205,3.205.639,http://appstore.com/repository/3.205.639.zip
640,767,6.767.640,http://appstore.com/repository/6.767.640.zip
641,955,5.955.641,http://appstore.com/repository/5.955.641.zip
642,798,2.798.642,http://appstore.com/repository/2.798.642.zip
643,139,7.139.643,http://appstore.com/repository/7.139.643.zip
644,96,3.96.644,http://appstore.com/repository/3.96.644.zip
645,90,9.90.645,http://appstore.com/repository/9.90.645.zip
646,224,6.224.646,http://appstore.com/repository/6.224.646.zip
647,372,6.372.647,http://appstore.com/repository/6.372.647.zip
648,721,7.721.648,http://appstore.com/repository/7.721.648.zip
649,786,3.786.649,http://appstore.com/repository/3.786.649.zip
650,122,5.122.650,http://appstore.com/repository/5.122.650.zip
651,377,6.377.651,http://appstore.com/repository/6.377.651.zip
652,778,2.778.652,http://appstore.com/repository/2.778.652.zip
653,671,0.671.653,http://appstore.com/repository/0.671.653.zip
654,324,1.324.654,http://appstore.com/repository/1.324.654.zip
655,674,5.674.655,http://appstore.com/repository/5.674.655.zip
656,474,7.474.656,http://appstore.com/repository/7.474.656.zip
657,701,4.701.657,http://appstore.com/repository/4.701.657.zip
658,88,9.88.658,http://appstore.com/repository/9.88.658.zip
659,529,9.529.659,http://appstore.com/repository/9.529.659.zip
660,19,5.19.660,http://appstore.com/repository/5.19.660.zip
661,233,5.233.661,http://appstore.com/repository/5.233.661.zip
662,555,0.555.662,http://appstore.com/repository/0.555.662.zip
663,847,8.847.663,http://appstore.com/repository/8.847.663.zip
664,706,0.706.664,http://appstore.com/repository/0.706.664.zip
665,4,6.4.665,http://appstore.com/repository/6.4.665.zip
666,37,9.37.666,http://appstore.com/repository/9.37.666.zip
667,505,9.505.667,http://appstore.com/repository/9.505.667.zip
668,617,8.617.668,http://appstore.com/repository/8.617.668.zip
669,178,6.178.669,http://appstore.com/repository/6.178.669.zip
670,813,5.813.670,http://appstore.com/repository/5.813.670.zip
671,85,2.85.671,http://appstore.com/repository/2.85.671.zip
672,722,6.722.672,http://appstore.com/repository/6.722.672.zip
673,390,1.390.673,http://appstore.com/repository/1.390.673.zip
674,310,2.310.674,http://appstore.com/repository/2.310.674.zip
675,317,0.317.675,http://appstore.com/repository/0.317.675.zip
676,480,4.480.676,http://appstore.com/repository/4.480.676.zip
677,363,3.363.677,http://appstore.com/repository/3.363.677.zip
678,543,3.543.678,http://appstore.com/repository/3.543.678.zip
679,813,4.813.679,http://appstore.com/repository/4.813.679.zip
680,126,3.126.680,http://appstore.com/repository/3.126.680.zip
681,334,8.334.681,http://appstore.com/repository/8.334.681.zip
682,53,4.53.682,http://appstore.com/repository/4.53.682.zip
683,887,0.887.683,http://appstore.com/repository/0.887.683.zip
684,549,5.549.684,http://appstore.com/repository/5.549.684.zip
685,64,1.64.685,http://appstore.com/repository/1.64.685.zip
686,204,1.204.686,http://appstore.com/repository/1.204.686.zip
687,862,9.862.687,http://appstore.com/repository/9.862.687.zip
688,738,0.738.688,http://appstore.com/repository/0.738.688.zip
689,968,0.968.689,http://appstore.com/repository/0.968.689.zip
690,223,7.223.690,http://appstore.com/repository/7.223.690.zip
691,45,3.45.691,http://appstore.com/repository/3.45.691.zip
692,114,0.114.692,http://appstore.com/repository/0.114.692.zip
693,986,4.986.693,http://appstore.com/repository/4.986.693.zip
694,275,8.275.694,http://appstore.com/repository/8.275.694.zip
695,668,6.668.695,http://appstore.com/repository/6.668.695.zip
696,903,5.903.696,http://appstore.com/repository/5.903.696.zip
697,279,8.279.697,http://appstore.com/repository/8.279.697.zip
698,517,9.517.698,http://appstore.com/repository/9.517.698.zip
699,752,7.752.699,http://appstore.com/repository/7.752.699.zip
700,568,9.568.700,http://appstore.com/repository/9.568.700.zip
701,567,6.567.701,http://appstore.com/repository/6.567.701.zip
702,553,8.553.702,http://appstore.com/repository/8.553.702.zip
703,808,8.808.703,http://appstore.com/repository/8.808.703.zip
704,398,7.398.704,http://appstore.com/repository/7.398.704.zip
705,725,7.725.705,http://appstore.com/repository/7.725.705.zip
706,273,2.273.706,http://appstore.com/repository/2.273.706.zip
707,370,3.370.707,http://appstore.com/repository/3.370.707.zip
708,620,6.620.708,http://appstore.com/repository/6.620.708.zip
709,26,9.26.709,http://appstore.com/repository/9.26.709.zip
710,125,0.125.710,http://appstore.com/repository/0.125.710.zip
711,702,5.702.711,http://appstore.com/repository/5.702.711.zip
712,567,7.567.712,http://appstore.com/repository/7.567.712.zip
713,867,8.867.713,http://appstore.com/repository/8.867.713.zip
714,481,6.481.714,http://appstore.com/repository/6.481.714.zip
715,302,7.302.715,http://appstore.com/repository/7.302.715.zip
716,269,9.269.716,http://appstore.com/repository/9.269.716.zip
717,775,2.775.717,http://appstore.com/repository/2.775.717.zip
718,242,7.242.718,http://appstore.com/repository/7.242.718.zip
719,156,5.156.719,http://appstore.com/repository/5.156.719.zip
720,451,4.451.720,http://appstore.com/repository/4.451.720.zip
721,182,4.182.721,http://appstore.com/repository/4.182.721.zip
722,151,4.151.722,http://appstore.com/repository/4.151.722.zip
723,594,7.594.723,http://appstore.com/repository/7.594.723.zip
724,41,1.41.724,http://appstore.com/repository/1.41.724.zip
725,836,6.836.725,http://appstore.com/repository/6.836.725.zip
726,122,3.122.726,http://appstore.com/repository/3.122.726.zip
727,210,3.210.727,http://appstore.com/repository/3.210.727.zip
728,550,8.550.728,http://appstore.com/repository/8.550.728.zip
729,140,9.140.729,http://appstore.com/repository/9.140.729.zip
730,433,7.433.730,http://appstore.com/repository/7.433.730.zip
731,780,0.780.731,http://appstore.com/repository/0.780.731.zip
732,166,3.166.732,http://appstore.com/repository/3.166.732.zip
733,841,4.841.733,http://appstore.com/repository/4.841.733.zip
734,526,6.526.734,http://appstore.com/repository/6.526.734.zip
735,468,5.468.735,http://appstore.com/repository/5.468.735.zip
736,5,0.5.736,http://appstore.com/repository/0.5.736.zip
737,181,5.181.737,http://appstore.com/repository/5.181.737.zip
738,42,1.42.738,http://appstore.com/repository/1.42.738.zip
739,443,7.443.739,http://appstore.com/repository/7.443.739.zip
740,583,9.583.740,http://appstore.com/repository/9.583.740.zip
741,635,6.635.741,http://appstore.com/repository/6.635.741.zip
742,834,2.834.742,http://appstore.com/repository/2.834.742.zip
743,774,2.774.743,http://appstore.com/repository/2.774.743.zip
744,829,9.829.744,http://appstore.com/repository/9.829.744.zip
745,509,5.509.745,http://appstore.com/repository/5.509.745.zip
746,491,3.491.746,http://appstore.com/repository/3.491.746.zip
747,843,5.843.747,http://appstore.com/repository/5.843.747.zip
748,737,1.737.748,http://appstore.com/repository/1.737.748.zip
749,192,2.192.749,http://appstore.com/repository/2.192.749.zip
750,1000,8.1000.750,http://appstore.com/repository/8.1000.750.zip
751,799,9.799.751,http://appstore.com/repository/9.799.751.zip
752,61,8.61.752,http://appstore.com/repository/8.61.752.zip
753,636,0.636.753,http://appstore.com/repository/0.636.753.zip
754,207,7.207.754,http://appstore.com/repository/7.207.754.zip
755,955,4.955.755,http://appstore.com/repository/4.955.755.zip
756,15,7.15.756,http://appstore.com/repository/7.15.756.zip
757,647,8.647.757,http://appstore.com/repository/8.647.757.zip
758,248,6.248.758,http://appstore.com/repository/6.248.758.zip
759,714,3.714.759,http://appstore.com/repository/3.714.759.zip
760,749,3.749.760,http://appstore.com/repository/3.749.760.zip
761,486,5.486.761,http://appstore.com/repository/5.486.761.zip
762,456,2.456.762,http://appstore.com/repository/2.456.762.zip
763,392,5.392.763,http://appstore.com/repository/5.392.763.zip
764,202,2.202.764,http://appstore.com/repository/2.202.764.zip
765,877,4.877.765,http://appstore.com/repository/4.877.765.zip
766,337,9.337.766,http://appstore.com/repository/9.337.766.zip
767,724,9.724.767,http://appstore.com/repository/9.724.767.zip
768,65,5.65.768,http://appstore.com/repository/5.65.768.zip
769,183,7.183.769,http://appstore.com/repository/7.183.769.zip
770,513,4.513.770,http://appstore.com/repository/4.513.770.zip
771,15,6.15.771,http://appstore.com/repository/6.15.771.zip
772,269,0.269.772,http://appstore.com/repository/0.269.772.zip
773,259,3.259.773,http://appstore.com/repository/3.259.773.zip
774,379,1.379.774,http://appstore.com/repository/1.379.774.zip
775,458,7.458.775,http://appstore.com/repository/7.458.775.zip
776,865,4.865.776,http://appstore.com/repository/4.865.776.zip
777,500,4.500.777,http://appstore.com/repository/4.500.777.zip
778,213,1.213.778,http://appstore.com/repository/1.213.778.zip
779,824,6.824.779,http://appstore.com/repository/6.824.779.zip
780,738,2.738.780,http://appstore.com/repository/2.738.780.zip
781,196,9.196.781,http://appstore.com/repository/9.196.781.zip
782,296,6.296.782,http://appstore.com/repository/6.296.782.zip
783,873,7.873.783,http://appstore.com/repository/7.873.783.zip
784,163,1.163.784,http://appstore.com/repository/1.163.784.zip
785,216,0.216.785,http://appstore.com/repository/0.216.785.zip
786,972,3.972.786,http://appstore.com/repository/3.972.786.zip
787,793,1.793.787,http://appstore.com/repository/1.793.787.zip
788,438,7.438.788,http://appstore.com/repository/7.438.788.zip
789,644,0.644.789,http://appstore.com/repository/0.644.789.zip
790,590,4.590.790,http://appstore.com/repository/4.590.790.zip
791,940,1.940.791,http://appstore.com/repository/1.940.791.zip
792,970,3.970.792,http://appstore.com/repository/3.970.792.zip
793,330,1.330.793,http://appstore.com/repository/1.330.793.zip
794,817,8.817.794,http://appstore.com/repository/8.817.794.zip
795,546,6.546.795,http://appstore.com/repository/6.546.795.zip
796,516,6.516.796,http://appstore.com/repository/6.516.796.zip
797,838,9.838.797,http://appstore.com/repository/9.838.797.zip
798,647,1.647.798,http://appstore.com/repository/1.647.798.zip
799,856,5.856.799,http://appstore.com/repository/5.856.799.zip
800,843,5.843.800,http://appstore.com/repository/5.843.800.zip
801,851,0.851.801,http://appstore.com/repository/0.851.801.zip
802,489,8.489.802,http://appstore.com/repository/8.489.802.zip
803,872,1.872.803,http://appstore.com/repository/1.872.803.zip
804,417,1.417.804,http://appstore.com/repository/1.417.804.zip
805,796,0.796.805,http://appstore.com/repository/0.796.805.zip
806,287,1.287.806,http://appstore.com/repository/1.287.806.zip
807,242,9.242.807,http://appstore.com/repository/9.242.807.zip
808,90,4.90.808,http://appstore.com/repository/4.90.808.zip
809,610,8.610.809,http://appstore.com/repository/8.610.809.zip
810,897,5.897.810,http://appstore.com/repository/5.897.810.zip
811,910,3.910.811,http://appstore.com/repository/3.910.811.zip
812,266,1.266.812,http://appstore.com/repository/1.266.812.zip
813,100,4.100.813,http://appstore.com/repository/4.100.813.zip
814,918,6.918.814,http://appstore.com/repository/6.918.814.zip
815,748,3.748.815,http://appstore.com/repository/3.748.815.zip
816,835,0.835.816,http://appstore.com/repository/0.835.816.zip
817,937,6.937.817,http://appstore.com/repository/6.937.817.zip
818,84,0.84.818,http://appstore.com/repository/0.84.818.zip
819,167,6.167.819,http://appstore.com/repository/6.167.819.zip
820,521,5.521.820,http://appstore.com/repository/5.521.820.zip
821,125,1.125.821,http://appstore.com/repository/1.125.821.zip
822,834,3.834.822,http://appstore.com/repository/3.834.822.zip
823,148,6.148.823,http://appstore.com/repository/6.148.823.zip
824,883,2.883.824,http://appstore.com/repository/2.883.824.zip
825,616,3.616.825,http://appstore.com/repository/3.616.825.zip
826,385,4.385.826,http://appstore.com/repository/4.385.826.zip
827,979,2.979.827,http://appstore.com/repository/2.979.827.zip
828,333,1.333.828,http://appstore.com/repository/1.333.828.zip
829,510,3.510.829,http://appstore.com/repository/3.510.829.zip
830,197,8.197.830,http://appstore.com/repository/8.197.830.zip
831,771,1.771.831,http://appstore.com/repository/1.771.831.zip
832,659,2.659.832,http://appstore.com/repository/2.659.832.zip
833,75,3.75.833,http://appstore.com/repository/3.75.833.zip
834,381,1.381.834,http://appstore.com/repository/1.381.834.zip
835,733,0.733.835,http://appstore.com/repository/0.733.835.zip
836,308,6.308.836,http://appstore.com/repository/6.308.836.zip
837,736,5.736.837,http://appstore.com/repository/5.736.837.zip
838,279,5.279.838,http://appstore.com/repository/5.279.838.zip
839,478,0.478.839,http://appstore.com/repository/0.478.839.zip
840,146,9.146.840,http://appstore.com/repository/9.146.840.zip
841,550,1.550.841,http://appstore.com/repository/1.550.841.zip
842,751,6.751.842,http://appstore.com/repository/6.751.842.zip
843,328,3.328.843,http://appstore.com/repository/3.328.843.zip
844,95,4.95.844,http://appstore.com/repository/4.95.844.zip
845,676,1.676.845,http://appstore.com/repository/1.676.845.zip
846,569,4.569.846,http://appstore.com/repository/4.569.846.zip
847,109,1.109.847,http://appstore.com/repository/1.109.847.zip
848,805,7.805.848,http://appstore.com/repository/7.805.848.zip
849,639,9.639.849,http://appstore.com/repository/9.639.849.zip
850,262,8.262.850,http://appstore.com/repository/8.262.850.zip
851,292,8.292.851,http://appstore.com/repository/8.292.851.zip
852,315,9.315.852,http://appstore.com/repository/9.315.852.zip
853,760,9.760.853,http://appstore.com/repository/9.760.853.zip
854,781,0.781.854,http://appstore.com/repository/0.781.854.zip
855,743,9.743.855,http://appstore.com/repository/9.743.855.zip
856,333,4.333.856,http://appstore.com/repository/4.333.856.zip
857,235,9.235.857,http://appstore.com/repository/9.235.857.zip
858,857,3.857.858,http://appstore.com/repository/3.857.858.zip
859,367,0.367.859,http://appstore.com/repository/0.367.859.zip
860,727,3.727.860,http://appstore.com/repository/3.727.860.zip
861,292,9.292.861,http://appstore.com/repository/9.292.861.zip
862,245,5.245.862,http://appstore.com/repository/5.245.862.zip
863,997,9.997.863,http://appstore.com/repository/9.997.863.zip
864,305,6.305.864,http://appstore.com/repository/6.305.864.zip
865,527,3.527.865,http://appstore.com/repository/3.527.865.zip
866,880,4.880.866,http://appstore.com/repository/4.880.866.zip
867,508,4.508.867,http://appstore.com/repository/4.508.867.zip
868,767,6.767.868,http://appstore.com/repository/6.767.868.zip
869,88,0.88.869,http://appstore.com/repository/0.88.869.zip
870,978,6.978.870,http://appstore.com/repository/6.978.870.zip
871,209,4.209.871,http://appstore.com/repository/4.209.871.zip
872,206,3.206.872,http://appstore.com/repository/3.206.872.zip
873,409,8.409.873,http://appstore.com/repository/8.409.873.zip
874,70,4.70.874,http://appstore.com/repository/4.70.874.zip
875,343,5.343.875,http://appstore.com/repository/5.343.875.zip
876,11,2.11.876,http://appstore.com/repository/2.11.876.zip
877,853,1.853.877,http://appstore.com/repository/1.853.877.zip
878,239,5.239.878,http://appstore.com/repository/5.239.878.zip
879,706,1.706.879,http://appstore.com/repository/1.706.879.zip
880,907,6.907.880,http://appstore.com/repository/6.907.880.zip
881,527,5.527.881,http://appstore.com/repository/5.527.881.zip
882,162,9.162.882,http://appstore.com/repository/9.162.882.zip
883,100,3.100.883,http://appstore.com/repository/3.100.883.zip
884,125,7.125.884,http://appstore.com/repository/7.125.884.zip
885,385,0.385.885,http://appstore.com/repository/0.385.885.zip
886,44,3.44.886,http://appstore.com/repository/3.44.886.zip
887,837,2.837.887,http://appstore.com/repository/2.837.887.zip
888,186,9.186.888,http://appstore.com/repository/9.186.888.zip
889,678,2.678.889,http://appstore.com/repository/2.678.889.zip
890,971,8.971.890,http://appstore.com/repository/8.971.890.zip
891,754,1.754.891,http://appstore.com/repository/1.754.891.zip
892,683,5.683.892,http://appstore.com/repository/5.683.892.zip
893,656,2.656.893,http://appstore.com/repository/2.656.893.zip
894,639,6.639.894,http://appstore.com/repository/6.639.894.zip
895,461,4.461.895,http://appstore.com/repository/4.461.895.zip
896,441,4.441.896,http://appstore.com/repository/4.441.896.zip
897,662,8.662.897,http://appstore.com/repository/8.662.897.zip
898,729,3.729.898,http://appstore.com/repository/3.729.898.zip
899,63,5.63.899,http://appstore.com/repository/5.63.899.zip
900,590,4.590.900,http://appstore.com/repository/4.590.900.zip
901,788,0.788.901,http://appstore.com/repository/0.788.901.zip
902,123,3.123.902,http://appstore.com/repository/3.123.902.zip
903,172,7.172.903,http://appstore.com/repository/7.172.903.zip
904,191,7.191.904,http://appstore.com/repository/7.191.904.zip
905,486,7.486.905,http://appstore.com/repository/7.486.905.zip
906,295,3.295.906,http://appstore.com/repository/3.295.906.zip
907,833,1.833.907,http://appstore.com/repository/1.833.907.zip
908,52,7.52.908,http://appstore.com/repository/7.52.908.zip
909,601,9.601.909,http://appstore.com/repository/9.601.909.zip
910,439,0.439.910,http://appstore.com/repository/0.439.910.zip
911,525,7.525.911,http://appstore.com/repository/7.525.911.zip
912,894,5.894.912,http://appstore.com/repository/5.894.912.zip
913,676,3.676.913,http://appstore.com/repository/3.676.913.zip
914,726,9.726.914,http://appstore.com/repository/9.726.914.zip
915,666,5.666.915,http://appstore.com/repository/5.666.915.zip
916,324,6.324.916,http://appstore.com/repository/6.324.916.zip
917,567,3.567.917,http://appstore.com/repository/3.567.917.zip
918,365,2.365.918,http://appstore.com/repository/2.365.918.zip
919,935,5.935.919,http://appstore.com/repository/5.935.919.zip
920,630,0.630.920,http://appstore.com/repository/0.630.920.zip
921,41,4.41.921,http://appstore.com/repository/4.41.921.zip
922,913,9.913.922,http://appstore.com/repository/9.913.922.zip
923,512,9.512.923,http://appstore.com/repository/9.512.923.zip
924,330,8.330.924,http://appstore.com/repository/8.330.924.zip
925,136,7.136.925,http://appstore.com/repository/7.136.925.zip
926,560,4.560.926,http://appstore.com/repository/4.560.926.zip
927,999,4.999.927,http://appstore.com/repository/4.999.927.zip
928,500,8.500.928,http://appstore.com/repository/8.500.928.zip
929,366,9.366.929,http://appstore.com/repository/9.366.929.zip
930,734,7.734.930,http://appstore.com/repository/7.734.930.zip
931,704,0.704.931,http://appstore.com/repository/0.704.931.zip
932,715,8.715.932,http://appstore.com/repository/8.715.932.zip
933,956,3.956.933,http://appstore.com/repository/3.956.933.zip
934,937,0.937.934,http://appstore.com/repository/0.937.934.zip
935,384,4.384.935,http://appstore.com/repository/4.384.935.zip
936,781,0.781.936,http://appstore.com/repository/0.781.936.zip
937,760,7.760.937,http://appstore.com/repository/7.760.937.zip
938,464,7.464.938,http://appstore.com/repository/7.464.938.zip
939,59,7.59.939,http://appstore.com/repository/7.59.939.zip
940,283,7.283.940,http://appstore.com/repository/7.283.940.zip
941,286,2.286.941,http://appstore.com/repository/2.286.941.zip
942,342,1.342.942,http://appstore.com/repository/1.342.942.zip
943,393,5.393.943,http://appstore.com/repository/5.393.943.zip
944,389,7.389.944,http://appstore.com/repository/7.389.944.zip
945,771,1.771.945,http://appstore.com/repository/1.771.945.zip
946,643,6.643.946,http://appstore.com/repository/6.643.946.zip
947,783,5.783.947,http://appstore.com/repository/5.783.947.zip
948,134,9.134.948,http://appstore.com/repository/9.134.948.zip
949,418,9.418.949,http://appstore.com/repository/9.418.949.zip
950,644,9.644.950,http://appstore.com/repository/9.644.950.zip
951,569,1.569.951,http://appstore.com/repository/1.569.951.zip
952,809,7.809.952,http://appstore.com/repository/7.809.952.zip
953,815,8.815.953,http://appstore.com/repository/8.815.953.zip
954,76,6.76.954,http://appstore.com/repository/6.76.954.zip
955,562,3.562.955,http://appstore.com/repository/3.562.955.zip
956,177,3.177.956,http://appstore.com/repository/3.177.956.zip
957,76,3.76.957,http://appstore.com/repository/3.76.957.zip
958,522,1.522.958,http://appstore.com/repository/1.522.958.zip
959,15,5.15.959,http://appstore.com/repository/5.15.959.zip
960,657,7.657.960,http://appstore.com/repository/7.657.960.zip
961,488,1.488.961,http://appstore.com/repository/1.488.961.zip
962,37,5.37.962,http://appstore.com/repository/5.37.962.zip
963,513,1.513.963,http://appstore.com/repository/1.513.963.zip
964,449,1.449.964,http://appstore.com/repository/1.449.964.zip
965,955,6.955.965,http://appstore.com/repository/6.955.965.zip
966,310,4.310.966,http://appstore.com/repository/4.310.966.zip
967,921,7.921.967,http://appstore.com/repository/7.921.967.zip
968,142,5.142.968,http://appstore.com/repository/5.142.968.zip
969,710,6.710.969,http://appstore.com/repository/6.710.969.zip
970,90,9.90.970,http://appstore.com/repository/9.90.970.zip
971,729,1.729.971,http://appstore.com/repository/1.729.971.zip
972,582,8.582.972,http://appstore.com/repository/8.582.972.zip
973,359,2.359.973,http://appstore.com/repository/2.359.973.zip
974,384,3.384.974,http://appstore.com/repository/3.384.974.zip
975,794,5.794.975,http://appstore.com/repository/5.794.975.zip
976,608,4.608.976,http://appstore.com/repository/4.608.976.zip
977,76,7.76.977,http://appstore.com/repository/7.76.977.zip
978,664,3.664.978,http://appstore.com/repository/3.664.978.zip
979,313,2.313.979,http://appstore.com/repository/2.313.979.zip
980,339,8.339.980,http://appstore.com/repository/8.339.980.zip
981,965,4.965.981,http://appstore.com/repository/4.965.981.zip
982,895,2.895.982,http://appstore.com/repository/2.895.982.zip
983,997,4.997.983,http://appstore.com/repository/4.997.983.zip
984,224,9.224.984,http://appstore.com/repository/9.224.984.zip
985,24,6.24.985,http://appstore.com/repository/6.24.985.zip
986,525,6.525.986,http://appstore.com/repository/6.525.986.zip
987,51,4.51.987,http://appstore.com/repository/4.51.987.zip
988,738,9.738.988,http://appstore.com/repository/9.738.988.zip
989,996,7.996.989,http://appstore.com/repository/7.996.989.zip
990,52,7.52.990,http://appstore.com/repository/7.52.990.zip
991,1,9.1.991,http://appstore.com/repository/9.1.991.zip
992,476,9.476.992,http://appstore.com/repository/9.476.992.zip
993,803,0.803.993,http://appstore.com/repository/0.803.993.zip
994,650,0.650.994,http://appstore.com/repository/0.650.994.zip
995,170,9.170.995,http://appstore.com/repository/9.170.995.zip
996,466,4.466.996,http://appstore.com/repository/4.466.996.zip
997,44,3.44.997,http://appstore.com/repository/3.44.997.zip
998,290,7.290.998,http://appstore.com/repository/7.290.998.zip
999,267,6.267.999,http://appstore.com/repository/6.267.999.zip
1000,392,7.392.1000,http://appstore.com/repository/7.392.1000.zip
