ID,NAME,CONTACT
1,Kayveo 1,cridgley0@devhub.com
2,Oba 2,abeltzner1@fastcompany.com
3,InnoZ 3,ktyne2@mashable.com
4,Jamia 4,psalvage3@networkadvertising.org
5,Zoomzone 5,mgalway4@bloglovin.com
6,Jaxspan 6,sfaers5@scribd.com
7,Gigaclub 7,tmcentagart6@apache.org
8,Babblestorm 8,drawlcliffe7@spotify.com
9,Youfeed 9,ichilcott8@bandcamp.com
10,Bubblemix 10,eroblou9@friendfeed.com
11,Izio 11,rassitera@go.com
12,Janyx 12,cepelettb@alexa.com
13,Eare 13,rrudgec@cisco.com
14,Eire 14,ngrosierd@netscape.com
15,Devpoint 15,pdunsmoree@aboutads.info
16,Thoughtsphere 16,tolerenshawf@nifty.com
17,Edgeblab 17,mandreng@princeton.edu
18,Jaloo 18,sthreadgouldh@1und1.de
19,Twinte 19,scahalani@issuu.com
20,Tekfly 20,mhayfordj@elpais.com
21,Einti 21,wbrabink@yale.edu
22,Thoughtstorm 22,tblindermannl@marriott.com
23,Devcast 23,bbohlinm@goo.ne.jp
24,Dazzlesphere 24,dawtonn@sogou.com
25,Linklinks 25,nstummeyero@digg.com
26,Chatterbridge 26,mistonp@cbsnews.com
27,Aibox 27,landreasq@cdbaby.com
28,Gigabox 28,mhadkinsr@sohu.com
29,Babbleopia 29,nreapers@unicef.org
30,Kwinu 30,fvizort@eepurl.com
31,Kimia 31,jboyenu@si.edu
32,Blogtags 32,djeremiahv@cisco.com
33,Geba 33,uzylbermannw@sciencedirect.com
34,Feednation 34,rfontinx@economist.com
35,Twiyo 35,jbrahamy@nymag.com
36,Tagfeed 36,bworboyz@php.net
37,Skibox 37,etokell10@accuweather.com
38,Zoombox 38,pgreer11@scribd.com
39,Twitterbeat 39,adykes12@flavors.me
40,Zoozzy 40,gflaws13@a8.net
41,Babbleset 41,jdanelet14@seesaa.net
42,Twimm 42,mwhellans15@booking.com
43,Skyble 43,telsie16@technorati.com
44,Meevee 44,freignould17@wufoo.com
45,Youspan 45,qmundy18@statcounter.com
46,Podcat 46,cblazic19@harvard.edu
47,Oyoloo 47,lmccawley1a@examiner.com
48,Einti 48,vstoakley1b@spiegel.de
49,Kimia 49,blant1c@independent.co.uk
50,Skibox 50,dhackinge1d@joomla.org
51,Brainsphere 51,dbromwich1e@is.gd
52,Skinte 52,lrout1f@chicagotribune.com
53,LiveZ 53,pspriggs1g@census.gov
54,Fatz 54,sbick1h@phpbb.com
55,Tavu 55,sgairdner1i@deviantart.com
56,Oyoba 56,aocahsedy1j@simplemachines.org
57,Miboo 57,ljanoch1k@sourceforge.net
58,Gigazoom 58,dlikly1l@constantcontact.com
59,Babblestorm 59,nprantl1m@omniture.com
60,JumpXS 60,kgunderson1n@oaic.gov.au
61,Quinu 61,bsyrett1o@friendfeed.com
62,Linkbuzz 62,mclemont1p@disqus.com
63,Dablist 63,fgniewosz1q@meetup.com
64,Babbleblab 64,eolden1r@house.gov
65,Dabshots 65,jcromblehome1s@unblog.fr
66,Quatz 66,nmartill1t@github.io
67,Yamia 67,bthoma1u@about.me
68,Feedbug 68,csilverston1v@edublogs.org
69,Realpoint 69,nbent1w@etsy.com
70,Tekfly 70,fpepis1x@google.ru
71,Katz 71,dnorewood1y@hud.gov
72,Ailane 72,elonghorne1z@msn.com
73,Vitz 73,gjurewicz20@bbb.org
74,Myworks 74,cbartolomivis21@technorati.com
75,Rhyloo 75,vnewarte22@epa.gov
76,Vinder 76,lmycroft23@tinyurl.com
77,Avavee 77,adreher24@ow.ly
78,Quatz 78,sunstead25@multiply.com
79,Voolith 79,broyal26@google.es
80,Realcube 80,jvedyaev27@ox.ac.uk
81,Meembee 81,fpowelee28@nps.gov
82,Eamia 82,bmcvicker29@patch.com
83,Topicware 83,sconn2a@webs.com
84,Thoughtbridge 84,tmcfayden2b@pinterest.com
85,Eire 85,gmunden2c@163.com
86,Jabbersphere 86,bpridgeon2d@marketwatch.com
87,Kazu 87,galywen2e@apple.com
88,Browsedrive 88,gisselee2f@wikipedia.org
89,Yata 89,bkleszinski2g@npr.org
90,Kazio 90,jrubbert2h@tmall.com
91,Wordify 91,bbranni2i@is.gd
92,Midel 92,mmckeggie2j@theglobeandmail.com
93,Brightdog 93,hminor2k@tuttocitta.it
94,Rhynoodle 94,grysdale2l@answers.com
95,Brainverse 95,jdrummond2m@bbb.org
96,Oyoyo 96,mhuzzay2n@google.co.uk
97,Geba 97,hcluatt2o@dyndns.org
98,Kwideo 98,ewalbridge2p@goo.ne.jp
99,Yodoo 99,cbaggaley2q@w3.org
100,Trupe 100,cdegowe2r@is.gd
101,Leexo 101,evernall2s@guardian.co.uk
102,Topiclounge 102,dqueenborough2t@seattletimes.com
103,Zooxo 103,orobbert2u@themeforest.net
104,Chatterbridge 104,cbickerdike2v@chron.com
105,Vitz 105,wsmewings2w@techcrunch.com
106,Edgepulse 106,rbrankley2x@cargocollective.com
107,Livetube 107,pmccrystal2y@ehow.com
108,Voonte 108,cmedford2z@wikimedia.org
109,Voomm 109,dwolfenden30@skype.com
110,Livetube 110,vmorville31@arstechnica.com
111,Voolith 111,bgrundon32@go.com
112,Livefish 112,craisbeck33@hao123.com
113,Oyope 113,lcawsey34@gizmodo.com
114,Livefish 114,cbims35@hugedomains.com
115,Photofeed 115,adonisthorpe36@marriott.com
116,Buzzster 116,bvella37@usgs.gov
117,Skinix 117,cpessold38@amazon.de
118,Ntag 118,dcaselick39@amazonaws.com
119,Yodoo 119,mtittletross3a@zdnet.com
120,Blogpad 120,rfaichney3b@phoca.cz
121,Gigaclub 121,omcmurty3c@pcworld.com
122,Skinix 122,tmcwhorter3d@shutterfly.com
123,Gabvine 123,srawdales3e@ucoz.com
124,Avamba 124,tdecruze3f@linkedin.com
125,Tagopia 125,qrocca3g@typepad.com
126,Agivu 126,stichner3h@wsj.com
127,Quinu 127,cdeluze3i@merriam-webster.com
128,Npath 128,tmcilriach3j@nhs.uk
129,Meetz 129,rgorce3k@businessweek.com
130,Voomm 130,rbuglass3l@drupal.org
131,Centimia 131,gnelle3m@discuz.net
132,Fiveclub 132,cbathoe3n@accuweather.com
133,Browsezoom 133,nivanenkov3o@state.tx.us
134,Kwinu 134,awigg3p@booking.com
135,Meevee 135,bascraft3q@goo.gl
136,Npath 136,bodee3r@skype.com
137,Vinte 137,kgunnell3s@amazon.co.uk
138,Livepath 138,mdiglin3t@upenn.edu
139,Ntags 139,cspincke3u@miitbeian.gov.cn
140,Roodel 140,ncarlucci3v@plala.or.jp
141,Avamm 141,wlytlle3w@prnewswire.com
142,Devpoint 142,sskowcraft3x@businessweek.com
143,Voolith 143,jcloy3y@webeden.co.uk
144,Aibox 144,aflitcroft3z@t-online.de
145,Dynava 145,gtaylor40@dot.gov
146,Realpoint 146,dpatrie41@mashable.com
147,Flashset 147,lswepstone42@prnewswire.com
148,Tagtune 148,vshutte43@drupal.org
149,Riffwire 149,ccornner44@sakura.ne.jp
150,Riffpedia 150,tmessam45@ucla.edu
151,Layo 151,rrobjant46@wikipedia.org
152,Wordpedia 152,hwragge47@purevolume.com
153,Cogidoo 153,ggulliver48@freewebs.com
154,Geba 154,mtroctor49@hexun.com
155,Twitterlist 155,awardel4a@samsung.com
156,Voonix 156,njessen4b@state.tx.us
157,Dabtype 157,lcalterone4c@oakley.com
158,Voolia 158,crapkins4d@weebly.com
159,Realpoint 159,cstowers4e@youku.com
160,Blognation 160,agoodier4f@spiegel.de
161,Jaxspan 161,dhendrick4g@discuz.net
162,Skiptube 162,rbywater4h@hatena.ne.jp
163,Yadel 163,dbrobeck4i@tuttocitta.it
164,Topiczoom 164,cayliffe4j@squarespace.com
165,Skiptube 165,proebuck4k@tinyurl.com
166,Voonder 166,rferens4l@java.com
167,Twimbo 167,flaxson4m@bandcamp.com
168,Dabshots 168,smccurley4n@narod.ru
169,Skinder 169,aarnell4o@arstechnica.com
170,Gabtype 170,imattek4p@msn.com
171,Fadeo 171,atait4q@php.net
172,Youspan 172,ajaves4r@yellowpages.com
173,Youfeed 173,jlinnane4s@china.com.cn
174,Jabberstorm 174,clandal4t@salon.com
175,Youtags 175,cdoe4u@mail.ru
176,Photolist 176,ddilley4v@wix.com
177,Jaxworks 177,vjonuzi4w@yellowbook.com
178,Mymm 178,ashuttle4x@bigcartel.com
179,Abata 179,pplenderleith4y@meetup.com
180,Wikido 180,lsamuels4z@yale.edu
181,Camido 181,bdigger50@sohu.com
182,Zoomzone 182,qparrett51@histats.com
183,Cogidoo 183,lsizey52@omniture.com
184,Skyvu 184,akopta53@java.com
185,Skinix 185,mpopham54@statcounter.com
186,Meetz 186,cdenizet55@weather.com
187,Kayveo 187,bmorefield56@jimdo.com
188,Thoughtblab 188,dseymark57@booking.com
189,Nlounge 189,nwilshaw58@amazon.co.uk
190,Aibox 190,sberntsson59@ucla.edu
191,Oyondu 191,mgarside5a@blog.com
192,Dabtype 192,kmangeon5b@netscape.com
193,Brainsphere 193,kriquet5c@ebay.co.uk
194,Einti 194,sbeneyto5d@about.me
195,Tekfly 195,apringle5e@upenn.edu
196,Dabvine 196,bgrisedale5f@liveinternet.ru
197,Photofeed 197,nmcgurk5g@ovh.net
198,Edgepulse 198,smaddock5h@homestead.com
199,Livepath 199,mflecknoe5i@icq.com
200,Edgeify 200,aseczyk5j@example.com
201,Yamia 201,eraigatt5k@1688.com
202,Browsetype 202,cspirritt5l@usa.gov
203,Brainlounge 203,kjeaneau5m@microsoft.com
204,Kanoodle 204,jdomanski5n@columbia.edu
205,Quaxo 205,sziehm5o@discovery.com
206,Flashspan 206,smalim5p@istockphoto.com
207,Browsezoom 207,kcove5q@answers.com
208,Photobug 208,smccrackem5r@google.pl
209,Babblestorm 209,ebrayne5s@newyorker.com
210,Yakitri 210,apreddy5t@xinhuanet.com
211,Feedfire 211,ggoldingay5u@weather.com
212,Jabbersphere 212,adregan5v@cpanel.net
213,Mydo 213,mcolmore5w@who.int
214,Dazzlesphere 214,sbrehault5x@gizmodo.com
215,Photobean 215,borhrt5y@wikipedia.org
216,Fatz 216,pschurcke5z@google.com.au
217,Wikivu 217,amcfadden60@jalbum.net
218,Twitternation 218,eskuce61@list-manage.com
219,LiveZ 219,pcanto62@sphinn.com
220,Eazzy 220,jbracci63@omniture.com
221,Topdrive 221,ifrostick64@163.com
222,Jetwire 222,jreina65@goo.gl
223,Skimia 223,fosborne66@topsy.com
224,Avaveo 224,wkorneluk67@ucoz.ru
225,Dynava 225,krogliero68@zdnet.com
226,Avamm 226,kjanus69@barnesandnoble.com
227,Gabvine 227,cfirth6a@rakuten.co.jp
228,Vimbo 228,btrazzi6b@samsung.com
229,Snaptags 229,kmadeley6c@cdc.gov
230,Cogilith 230,glazer6d@slideshare.net
231,Blogpad 231,ttapsfield6e@pcworld.com
232,Fadeo 232,rbasnall6f@bigcartel.com
233,Linktype 233,emackeller6g@army.mil
234,Zoombox 234,emccoish6h@bloomberg.com
235,Ailane 235,dmacconnal6i@cbc.ca
236,Roodel 236,gyeend6j@bigcartel.com
237,Topdrive 237,tskarin6k@google.cn
238,Zazio 238,awomack6l@wufoo.com
239,Camido 239,bchidler6m@barnesandnoble.com
240,Wordpedia 240,knutley6n@wikia.com
241,Kwinu 241,rjerams6o@nsw.gov.au
242,Tagpad 242,uduchart6p@wsj.com
243,Zoonoodle 243,hloughren6q@cbslocal.com
244,Twitterbridge 244,araysdale6r@networkadvertising.org
245,Twitterlist 245,gstrevens6s@joomla.org
246,Realpoint 246,tgilphillan6t@prweb.com
247,Topdrive 247,ithorington6u@nyu.edu
248,Browsecat 248,carnold6v@printfriendly.com
249,Twiyo 249,dstaziker6w@stanford.edu
250,Yodo 250,uximenez6x@blinklist.com
251,Izio 251,wthresher6y@digg.com
252,Realpoint 252,gjouhning6z@list-manage.com
253,Fanoodle 253,erumbelow70@house.gov
254,Twitterworks 254,jlyvon71@google.de
255,Flipbug 255,wwagner72@phoca.cz
256,Flipstorm 256,aeat73@diigo.com
257,Voonte 257,cmckag74@ow.ly
258,Blogspan 258,amcmurthy75@purevolume.com
259,Twinder 259,fdronsfield76@multiply.com
260,Abata 260,sgussin77@ow.ly
261,Centizu 261,cstubbings78@marketwatch.com
262,Skyble 262,isenten79@economist.com
263,Edgeblab 263,mhethron7a@ibm.com
264,Voonix 264,vismirnioglou7b@angelfire.com
265,Zoomcast 265,mfeatherstonhaugh7c@xinhuanet.com
266,Babblestorm 266,cmensler7d@sbwire.com
267,Meeveo 267,gfuchs7e@twitter.com
268,Realbuzz 268,cgamlen7f@yellowbook.com
269,Avamm 269,dscurrah7g@springer.com
270,Vinder 270,tsibbs7h@kickstarter.com
271,Photofeed 271,shawkyens7i@networkadvertising.org
272,Eimbee 272,jkitchaside7j@thetimes.co.uk
273,Zooveo 273,ienrdigo7k@amazon.com
274,Abata 274,rbolderson7l@addthis.com
275,Avamm 275,mjaquest7m@linkedin.com
276,Thoughtworks 276,dkhotler7n@sitemeter.com
277,Oyonder 277,cscroggie7o@telegraph.co.uk
278,Feedspan 278,tzute7p@salon.com
279,Plajo 279,pholstein7q@adobe.com
280,Skippad 280,dmonnelly7r@issuu.com
281,Wikido 281,smacdonnell7s@mail.ru
282,Rhybox 282,rdeath7t@woothemes.com
283,Rhybox 283,rhasty7u@barnesandnoble.com
284,Tagfeed 284,whadgraft7v@nature.com
285,Feednation 285,rpedrozzi7w@timesonline.co.uk
286,Dynazzy 286,bvose7x@ning.com
287,Leenti 287,ppridham7y@digg.com
288,Mita 288,gbawden7z@github.io
289,Avamba 289,hsidry80@xing.com
290,Gabvine 290,mcadney81@slashdot.org
291,Trudeo 291,dclifford82@de.vu
292,Janyx 292,ddavidson83@mozilla.org
293,Yadel 293,bdealey84@jigsy.com
294,Cogidoo 294,jbellow85@delicious.com
295,Feedfire 295,mstracey86@freewebs.com
296,Eabox 296,kprisley87@buzzfeed.com
297,Lazz 297,bderoberto88@meetup.com
298,Twinte 298,tkearey89@xing.com
299,Yodel 299,rbelsham8a@ed.gov
300,Katz 300,bgutteridge8b@opera.com
301,Devify 301,fgrimwad8c@51.la
302,Photospace 302,jeynald8d@stanford.edu
303,Innojam 303,cbroune8e@bloglovin.com
304,Tagfeed 304,cluto8f@howstuffworks.com
305,Demivee 305,tpetchey8g@feedburner.com
306,Mynte 306,elittlepage8h@prlog.org
307,Rhycero 307,sgoaley8i@wikipedia.org
308,Quamba 308,ifoch8j@auda.org.au
309,Livefish 309,zdobinson8k@ucla.edu
310,Innotype 310,bmcreynold8l@goodreads.com
311,Janyx 311,icollop8m@wp.com
312,Meemm 312,cquakley8n@sakura.ne.jp
313,Gabcube 313,jblackshaw8o@goo.ne.jp
314,Feednation 314,kjendrassik8p@odnoklassniki.ru
315,Yodel 315,gsteanson8q@example.com
316,Voomm 316,dwythe8r@google.de
317,Yombu 317,cyakob8s@go.com
318,Abatz 318,rbrecon8t@cisco.com
319,Gigabox 319,adigg8u@last.fm
320,Jayo 320,ebegg8v@oracle.com
321,Wordtune 321,jworsnip8w@nifty.com
322,Thoughtstorm 322,cwolvey8x@ycombinator.com
323,Eidel 323,myetts8y@wisc.edu
324,Quinu 324,asigward8z@constantcontact.com
325,Plajo 325,fparkyns90@nba.com
326,Tazzy 326,jbergen91@bravesites.com
327,Ntag 327,dlalevee92@newyorker.com
328,Devbug 328,akehri93@state.tx.us
329,Gigashots 329,palennikov94@deliciousdays.com
330,Avamba 330,ekolczynski95@opensource.org
331,Yadel 331,bcuss96@cdbaby.com
332,Topicshots 332,rcape97@cargocollective.com
333,Feedmix 333,jmaddick98@cdc.gov
334,Myworks 334,bgerling99@answers.com
335,Feedspan 335,dcrysell9a@jimdo.com
336,Shuffletag 336,dhildred9b@wufoo.com
337,Dabshots 337,bperring9c@wix.com
338,Oloo 338,jlitster9d@webeden.co.uk
339,Roodel 339,hpresslee9e@dagondesign.com
340,Dynabox 340,dohagan9f@smugmug.com
341,Livetube 341,hbrabban9g@ucsd.edu
342,Browsebug 342,mmcdiarmid9h@sphinn.com
343,Yata 343,igumly9i@wikipedia.org
344,Ozu 344,agage9j@washington.edu
345,Meetz 345,ogrist9k@networkadvertising.org
346,Fivebridge 346,bluck9l@icio.us
347,Gabtune 347,jthomerson9m@bloomberg.com
348,Tagopia 348,kkorda9n@mapy.cz
349,Flipopia 349,apresland9o@blogs.com
350,Vinte 350,mboulde9p@columbia.edu
351,Yoveo 351,hatcock9q@fastcompany.com
352,Devbug 352,bdigan9r@disqus.com
353,Oba 353,atwigge9s@forbes.com
354,Tagopia 354,mbrymner9t@people.com.cn
355,Voonix 355,abramford9u@wunderground.com
356,Brainverse 356,rredparth9v@nbcnews.com
357,DabZ 357,mbaudts9w@sina.com.cn
358,Dynabox 358,cmayou9x@people.com.cn
359,Youtags 359,ttodman9y@stumbleupon.com
360,Kaymbo 360,phenzley9z@merriam-webster.com
361,Meejo 361,cbutchera0@biblegateway.com
362,Photofeed 362,kgatelanda1@whitehouse.gov
363,Abata 363,rhostana2@nationalgeographic.com
364,Devify 364,adulwicha3@ebay.com
365,Omba 365,qcoasea4@lycos.com
366,Photospace 366,adruerya5@yahoo.co.jp
367,Eidel 367,gbalsdona6@statcounter.com
368,Viva 368,fsalandinoa7@tripod.com
369,Edgetag 369,pgeilliera8@ifeng.com
370,Jaxbean 370,ascartifielda9@time.com
371,Yozio 371,rblakeaa@seattletimes.com
372,Voolia 372,ccoddingtonab@posterous.com
373,Eabox 373,ldacthac@mashable.com
374,Eimbee 374,mcolingad@uol.com.br
375,Kwinu 375,jmcgrayae@360.cn
376,Eamia 376,dcresswellaf@posterous.com
377,Buzzster 377,ewiszniewskiag@biblegateway.com
378,Feedfish 378,msammeah@scientificamerican.com
379,Eimbee 379,bcassellai@cnet.com
380,Cogilith 380,tganingaj@storify.com
381,Blogpad 381,umcindrewak@fc2.com
382,Meeveo 382,mhenmarshal@cbc.ca
383,Zooveo 383,jorfordam@canalblog.com
384,Gabtype 384,ghelleran@phpbb.com
385,Cogilith 385,evakhlovao@dyndns.org
386,Buzzster 386,selphinstoneap@dagondesign.com
387,Yoveo 387,tmendusaq@cam.ac.uk
388,Kayveo 388,dyeskinar@amazonaws.com
389,Meevee 389,drapperas@tiny.cc
390,Jaxworks 390,dchretienat@mac.com
391,Skinte 391,sbranthwaiteau@economist.com
392,Youspan 392,ibyav@cloudflare.com
393,Wordpedia 393,jmaccrossanaw@intel.com
394,Skyvu 394,mroskelleyax@ifeng.com
395,Shuffledrive 395,syoxenay@vinaora.com
396,Centizu 396,istrettleaz@slate.com
397,Thoughtbridge 397,jstoakleyb0@netlog.com
398,Kanoodle 398,tbirtwistleb1@163.com
399,Dabtype 399,nbarbyb2@ox.ac.uk
400,Roomm 400,btaggb3@smugmug.com
401,Linklinks 401,lmcgaughieb4@squidoo.com
402,Twitterbeat 402,gnewickb5@nationalgeographic.com
403,Flashspan 403,lvaughtenb6@amazon.de
404,Gigazoom 404,nmeneuxb7@springer.com
405,Topicshots 405,sbenyanb8@goo.gl
406,Voonder 406,ctrimbleb9@xinhuanet.com
407,Edgepulse 407,omitchinerba@ucoz.ru
408,Flashset 408,rgutowskabb@etsy.com
409,Voomm 409,mditchettbc@github.com
410,Fivebridge 410,mgregrbd@unesco.org
411,Pixope 411,acowlesbe@cloudflare.com
412,Blognation 412,escanebf@elegantthemes.com
413,Edgeblab 413,aloughtonbg@tinyurl.com
414,Dynabox 414,fpullenbh@wsj.com
415,Ntag 415,lsimmbi@google.it
416,Topicblab 416,clohrensenbj@usgs.gov
417,Eabox 417,wcrosslandbk@telegraph.co.uk
418,Divavu 418,losgerbybl@de.vu
419,Kimia 419,tredihalghbm@unesco.org
420,Ooba 420,ahelksbn@fda.gov
421,Zoonder 421,tevansonbo@zimbio.com
422,Mynte 422,mfraginobp@nbcnews.com
423,Skynoodle 423,momarkeybq@bloomberg.com
424,Jayo 424,rhaymesbr@eventbrite.com
425,Photobean 425,myanukhinbs@hp.com
426,Dablist 426,dgiacopellobt@omniture.com
427,Devshare 427,mvaninibu@japanpost.jp
428,Realmix 428,cmaulkinbv@ed.gov
429,Eamia 429,mmortimerbw@independent.co.uk
430,Zoomdog 430,glorrimerbx@examiner.com
431,Tagcat 431,bgodardby@globo.com
432,Brainlounge 432,cdenevebz@booking.com
433,Thoughtbeat 433,lbyrnesc0@redcross.org
434,Mudo 434,kskacec1@taobao.com
435,Quimm 435,bjoinerc2@virginia.edu
436,Jamia 436,cgaucherc3@mac.com
437,Yakidoo 437,fchastangc4@gravatar.com
438,Divavu 438,cmayberryc5@youtube.com
439,Quimba 439,aholseyc6@cloudflare.com
440,Twitterbeat 440,sfazackerleyc7@bigcartel.com
441,Dabjam 441,awisamc8@bloglovin.com
442,Podcat 442,cbythellc9@blinklist.com
443,Tanoodle 443,bmccourtieca@sitemeter.com
444,Dabfeed 444,hgilleycb@cbsnews.com
445,Fliptune 445,cgroocockcc@addtoany.com
446,Shuffletag 446,adimmockcd@woothemes.com
447,Zoonoodle 447,bmcgheece@gnu.org
448,Skyble 448,ptriggscf@artisteer.com
449,Oodoo 449,esoniercg@exblog.jp
450,Aibox 450,tchevisch@blinklist.com
451,Skinix 451,kklimkiewichci@usda.gov
452,Devshare 452,wphillotcj@blogtalkradio.com
453,Quinu 453,jlawransonck@over-blog.com
454,Oyoloo 454,hhillamcl@techcrunch.com
455,Bubblemix 455,hparradinecm@google.ca
456,Linktype 456,vnotecn@live.com
457,Zooveo 457,ldugoodco@mayoclinic.com
458,Lazzy 458,gdythamcp@cmu.edu
459,Zazio 459,pmccarneycq@admin.ch
460,Photobug 460,cschurckecr@hao123.com
461,Lajo 461,kmervyncs@hao123.com
462,Yacero 462,brogeonct@wsj.com
463,Oba 463,amooringcu@dedecms.com
464,Vitz 464,rtremblaycv@state.gov
465,Thoughtstorm 465,sgisburnecw@taobao.com
466,Kazio 466,rbeescx@cbslocal.com
467,Buzzshare 467,bwoodersoncy@hexun.com
468,Thoughtblab 468,jbruinscz@weebly.com
469,Dynazzy 469,tmarchingtond0@google.de
470,Eire 470,mkarmeld1@google.co.uk
471,Yakitri 471,jchallaced2@sogou.com
472,Oloo 472,escowend3@networksolutions.com
473,Skyble 473,emoncreifd4@1688.com
474,Voomm 474,jcotgroved5@stumbleupon.com
475,Buzzster 475,lrablend6@usda.gov
476,Voolia 476,rpietzked7@barnesandnoble.com
477,Twitterworks 477,jbennetd8@soup.io
478,Flashdog 478,sllorensd9@pen.io
479,Photolist 479,rmiellda@si.edu
480,Twitterbridge 480,ssmithenddb@blinklist.com
481,BlogXS 481,bcoleyshawdc@nih.gov
482,Gabvine 482,bsibraydd@cloudflare.com
483,Zoombox 483,rocannavande@wsj.com
484,BlogXS 484,dhurdmandf@jimdo.com
485,Topicware 485,egrinsteaddg@wikia.com
486,Blogtag 486,rkenndh@tamu.edu
487,Thoughtstorm 487,twebburndi@comsenz.com
488,Edgepulse 488,jchrismasdj@uol.com.br
489,Latz 489,dmccrackemdk@stumbleupon.com
490,Rhyloo 490,hhafforddl@macromedia.com
491,Shuffletag 491,ijoannididm@independent.co.uk
492,Skinder 492,fcromettdn@census.gov
493,Lajo 493,sbillsberrydo@sakura.ne.jp
494,Ainyx 494,ccolpusdp@google.it
495,InnoZ 495,lhexamdq@whitehouse.gov
496,Vimbo 496,nslaghtdr@time.com
497,Wordify 497,ifarryands@mapy.cz
498,Skyvu 498,jpunterdt@desdev.cn
499,Mycat 499,eapfelmanndu@t.co
500,Digitube 500,bdunmoredv@issuu.com
501,Topicshots 501,kteasdaledw@google.ru
502,Yozio 502,ilemmanbiedx@g.co
503,Livefish 503,mlaingedy@mashable.com
504,Jaloo 504,sbeneditedz@hc360.com
505,Wikizz 505,shovarde0@moonfruit.com
506,Jazzy 506,zbaumane1@macromedia.com
507,Wikibox 507,fcroixe2@ibm.com
508,Avaveo 508,ehaldone3@behance.net
509,Demimbu 509,uiaduccellie4@geocities.com
510,Dynazzy 510,gderringtone5@dagondesign.com
511,Eire 511,zlowensohne6@tuttocitta.it
512,Flashspan 512,hhatchere7@wired.com
513,Thoughtbridge 513,gyessone8@whitehouse.gov
514,Yadel 514,dtomblesone9@ovh.net
515,Skynoodle 515,lenderleea@blogspot.com
516,Eabox 516,ykirkmaneb@edublogs.org
517,Kwilith 517,mrankinec@state.gov
518,Brightdog 518,civanisheved@mysql.com
519,Photobug 519,bschiefersteinee@tumblr.com
520,Cogidoo 520,vjeanetef@lycos.com
521,Jabbertype 521,lgeikieeg@lulu.com
522,Thoughtbridge 522,aburdasseh@craigslist.org
523,Browseblab 523,rwindusei@eventbrite.com
524,Jabberbean 524,hbartolomeoej@purevolume.com
525,Latz 525,nbleakmanek@moonfruit.com
526,Pixoboo 526,tramardel@diigo.com
527,Flipstorm 527,schickenem@ox.ac.uk
528,Kazio 528,jahernen@wisc.edu
529,Kazio 529,jrummingeo@google.ru
530,Npath 530,dsatchep@goodreads.com
531,Innotype 531,srizzellieq@lycos.com
532,Trilith 532,relletsoner@livejournal.com
533,Avamm 533,tmickanes@yellowpages.com
534,Fadeo 534,wcollefordet@umich.edu
535,Shuffledrive 535,hconwayeu@nsw.gov.au
536,BlogXS 536,wsegoeev@loc.gov
537,Thoughtbridge 537,hjoulew@cyberchimps.com
538,Npath 538,vfranekex@sitemeter.com
539,Abata 539,abilfootey@ow.ly
540,Jayo 540,kboramez@hubpages.com
541,Rhybox 541,nufff0@aol.com
542,Wikizz 542,csommervillef1@cbc.ca
543,Livefish 543,hstaffordf2@istockphoto.com
544,Voonix 544,clillyf3@skype.com
545,Dynabox 545,orosenauf4@taobao.com
546,Brightdog 546,scubbinellif5@zimbio.com
547,Twitterbridge 547,egraeberf6@businesswire.com
548,Jaloo 548,kseeryf7@jiathis.com
549,Edgepulse 549,tklouzf8@kickstarter.com
550,Pixonyx 550,swalterf9@zdnet.com
551,Flashdog 551,estoilefa@nhs.uk
552,Feedfire 552,mbodegafb@miitbeian.gov.cn
553,Aivee 553,clandmanfc@oaic.gov.au
554,Avaveo 554,margerfd@amazon.de
555,Skajo 555,ppetronisfe@spotify.com
556,Oyope 556,kdionisoff@example.com
557,Mynte 557,pcruickshankfg@simplemachines.org
558,Skinder 558,clhommefh@time.com
559,Oyoba 559,bgallafantfi@huffingtonpost.com
560,Tekfly 560,mmariettefj@hexun.com
561,Twiyo 561,pgerritsmafk@wired.com
562,Buzzdog 562,gtriponyfl@tripod.com
563,Tambee 563,fscrancherfm@blogs.com
564,Skyndu 564,nchittendenfn@buzzfeed.com
565,Demivee 565,jjenningsfo@cornell.edu
566,Riffpath 566,jroebuckfp@seattletimes.com
567,Skyvu 567,pstorryfq@blogspot.com
568,Photobug 568,cconellyfr@friendfeed.com
569,Oyoba 569,hseedfs@cloudflare.com
570,Mynte 570,jabellaft@abc.net.au
571,Trudeo 571,rvelarealfu@webs.com
572,Dynabox 572,jrugierofv@so-net.ne.jp
573,Aimbo 573,pfreefw@vinaora.com
574,Wikido 574,jkelwaybamberfx@phoca.cz
575,Zooveo 575,kcaurahfy@cdbaby.com
576,Latz 576,mbidwellfz@nasa.gov
577,Innojam 577,iasserg0@typepad.com
578,Voomm 578,tbuglassg1@privacy.gov.au
579,Lazzy 579,cdorberg2@buzzfeed.com
580,Brightdog 580,ccordyg3@prnewswire.com
581,Ailane 581,dlascellg4@tinypic.com
582,Leexo 582,kpucknellg5@discuz.net
583,Tagtune 583,screamerg6@discuz.net
584,Skyndu 584,mmanshawg7@jigsy.com
585,Roombo 585,kscawtong8@123-reg.co.uk
586,Agimba 586,durweng9@typepad.com
587,Yamia 587,cfendleyga@spiegel.de
588,Rhyloo 588,rdurtnelgb@ft.com
589,Dabvine 589,gbunworthgc@newyorker.com
590,Mydo 590,mpinfoldgd@meetup.com
591,Bluejam 591,mmullineuxge@state.tx.us
592,Jaloo 592,khauchgf@jiathis.com
593,Tambee 593,sburleighgg@shop-pro.jp
594,Edgeify 594,jkochsgh@tinyurl.com
595,Feedmix 595,cterbruggegi@vkontakte.ru
596,Twiyo 596,gheinsengj@businessinsider.com
597,Ozu 597,tbrisbanegk@surveymonkey.com
598,Voomm 598,dreegl@utexas.edu
599,Kazu 599,ryouellgm@mysql.com
600,Ozu 600,wflochgn@tiny.cc
601,Eayo 601,kgagesgo@hubpages.com
602,Rhynoodle 602,cmelbourngp@goo.ne.jp
603,Innotype 603,sgressgq@home.pl
604,Teklist 604,vpolkinghornegr@cmu.edu
605,Tazz 605,bbonelliegs@xinhuanet.com
606,Kazu 606,lsuffegt@mysql.com
607,Miboo 607,arenachowskigu@photobucket.com
608,Zoomdog 608,hswaffieldgv@bizjournals.com
609,Blognation 609,wkerrygw@free.fr
610,Topdrive 610,lblosegx@senate.gov
611,Avamm 611,kjongy@geocities.jp
612,InnoZ 612,tventongz@google.co.jp
613,Talane 613,nlantuffeh0@slashdot.org
614,Oyoyo 614,dlitherlandh1@intel.com
615,Zazio 615,ronraeth2@nationalgeographic.com
616,Wikizz 616,jferminh3@xinhuanet.com
617,Oyoyo 617,jmackelworthh4@washingtonpost.com
618,Browsecat 618,crosenstockh5@tripod.com
619,Thoughtstorm 619,proizh6@histats.com
620,Skilith 620,klashfordh7@bandcamp.com
621,Eidel 621,rpetrosellih8@simplemachines.org
622,Shuffletag 622,cerich9@yahoo.com
623,Cogibox 623,cyitshakha@gmpg.org
624,Brightbean 624,feakinhb@twitpic.com
625,Kayveo 625,nsopperhc@angelfire.com
626,Bubblebox 626,adurrancehd@archive.org
627,Yodel 627,ajanninghe@dropbox.com
628,Linklinks 628,mbaxstairhf@sciencedirect.com
629,Chatterpoint 629,cjonashg@netscape.com
630,Rhynoodle 630,agothruphh@walmart.com
631,Feedspan 631,lewerhi@go.com
632,Dabtype 632,kpierreponthj@foxnews.com
633,Yombu 633,thamletthk@mlb.com
634,Meedoo 634,amulveyhl@dropbox.com
635,Photofeed 635,fhartzogshm@over-blog.com
636,Brightdog 636,gkeffordhn@alibaba.com
637,Zooxo 637,pitzchakiho@cloudflare.com
638,Skajo 638,sbadsworthhp@guardian.co.uk
639,Gabtune 639,chubbuckhq@toplist.cz
640,Snaptags 640,sfumagallihr@is.gd
641,Trilia 641,bleftwichhs@unblog.fr
642,Twitterwire 642,dfitzjohnht@google.cn
643,Kwideo 643,qcamollihu@elegantthemes.com
644,Centidel 644,asimenothv@bravesites.com
645,Katz 645,cpriditthw@jalbum.net
646,Thoughtworks 646,aadairhx@nature.com
647,Mymm 647,gdaveleyhy@smugmug.com
648,Edgeify 648,gwragghz@bloomberg.com
649,Meejo 649,bhendreni0@netlog.com
650,Realmix 650,btrahari1@jimdo.com
651,Zoozzy 651,nlunami2@pagesperso-orange.fr
652,Jazzy 652,arestoni3@tripadvisor.com
653,Shufflester 653,cbritchi4@scribd.com
654,InnoZ 654,wscoltsi5@prlog.org
655,Jayo 655,nsparsholti6@opera.com
656,Mydeo 656,cbagsteri7@1und1.de
657,Gigaclub 657,chorsleyi8@wsj.com
658,Trupe 658,acappineeri9@gizmodo.com
659,Bluezoom 659,rderislyia@photobucket.com
660,Thoughtstorm 660,bghidoliib@apple.com
661,Voolith 661,pcaskeyic@blog.com
662,Mybuzz 662,bchurchillid@xing.com
663,Thoughtbridge 663,twatsamie@chronoengine.com
664,Lazzy 664,jrosierif@si.edu
665,Yodo 665,ztrippickig@123-reg.co.uk
666,JumpXS 666,wvanbaarenih@census.gov
667,Flipopia 667,lpalkeii@mashable.com
668,Topicware 668,bhallowsij@nih.gov
669,Skimia 669,cludlowik@narod.ru
670,Oyondu 670,sphinnisil@dedecms.com
671,Avamm 671,dlombardoim@earthlink.net
672,Gigazoom 672,smosenin@slate.com
673,Agimba 673,kforstallio@smh.com.au
674,Browsebug 674,mgarfathip@microsoft.com
675,Divavu 675,eyeomaniq@webnode.com
676,Meedoo 676,ashivellir@tinypic.com
677,Rhyzio 677,kfeldhornis@networkadvertising.org
678,Tekfly 678,lfesbyit@tinypic.com
679,Zoonoodle 679,gthompsoniu@techcrunch.com
680,Bubblebox 680,ksavealliv@bing.com
681,Devshare 681,sbraboniw@ustream.tv
682,Gigashots 682,sjeaffersonix@walmart.com
683,Skipstorm 683,mscaliaiy@state.gov
684,Fatz 684,hferrickiz@ustream.tv
685,Feedfire 685,tdowyerj0@tmall.com
686,Yozio 686,bhawlerj1@utexas.edu
687,Yambee 687,gcavetj2@hhs.gov
688,Voonte 688,hbyerj3@liveinternet.ru
689,Trudeo 689,tkybirdj4@cargocollective.com
690,Meedoo 690,zsafferj5@infoseek.co.jp
691,Shufflester 691,dwilberj6@mtv.com
692,Meeveo 692,kreadwinj7@irs.gov
693,Quamba 693,asargeauntj8@pbs.org
694,Pixonyx 694,bbaldrickj9@boston.com
695,Leenti 695,roruddenja@goodreads.com
696,Flashset 696,jvinecombejb@vistaprint.com
697,Topiczoom 697,abretonjc@craigslist.org
698,Feedbug 698,dpeartjd@example.com
699,Skipfire 699,agoardje@netscape.com
700,Abata 700,aallcockjf@google.cn
701,Quaxo 701,wmattholiejg@examiner.com
702,Blogpad 702,dpinksjh@issuu.com
703,Shufflester 703,ldupeyji@freewebs.com
704,Yamia 704,jchippendalejj@princeton.edu
705,Gigashots 705,rbaldenjk@joomla.org
706,Tagfeed 706,cboyalljl@diigo.com
707,Meetz 707,lrustedgejm@multiply.com
708,Devpulse 708,facoryjn@sitemeter.com
709,Npath 709,bschuttjo@seattletimes.com
710,Skyble 710,qsculleyjp@uiuc.edu
711,Skyndu 711,bdobbinjq@vinaora.com
712,Fliptune 712,lsillwoodjr@apache.org
713,Buzzdog 713,mwhelpdalejs@nsw.gov.au
714,Oyoba 714,agunnelljt@rediff.com
715,Cogilith 715,iconfordju@mail.ru
716,Riffpath 716,ssnarttjv@angelfire.com
717,Ailane 717,mmallebonejw@vistaprint.com
718,Skajo 718,eprosserjx@sbwire.com
719,Blogtag 719,omantonjy@msu.edu
720,Linklinks 720,jcardewjz@topsy.com
721,JumpXS 721,ezornk0@instagram.com
722,Meevee 722,lmabbek1@1und1.de
723,Browsecat 723,ainworthk2@t.co
724,Feedbug 724,tkingk3@liveinternet.ru
725,LiveZ 725,kchmarnyk4@hhs.gov
726,Riffwire 726,cguentherk5@drupal.org
727,Rhyzio 727,kgresswellk6@kickstarter.com
728,Rhyloo 728,jgookeyk7@huffingtonpost.com
729,Buzzdog 729,nscutchingsk8@wp.com
730,Voomm 730,dpettok9@so-net.ne.jp
731,Topiczoom 731,nfairchildka@so-net.ne.jp
732,Pixope 732,edrewcliftonkb@netvibes.com
733,Minyx 733,wlutykc@slate.com
734,Youspan 734,gtichelaarkd@ehow.com
735,Feedfire 735,renevoldsenke@opensource.org
736,Jabbersphere 736,prushsorthkf@salon.com
737,Rhybox 737,hmacgraykg@etsy.com
738,Tekfly 738,mfaggekh@constantcontact.com
739,Jayo 739,apoonki@feedburner.com
740,Rooxo 740,skeddeykj@ebay.com
741,Twimbo 741,tblondellekk@sphinn.com
742,Latz 742,snolleaukl@yellowpages.com
743,Quire 743,eboakeskm@ameblo.jp
744,Realmix 744,mmcenteekn@mayoclinic.com
745,Skyvu 745,nmorfeyko@biblegateway.com
746,Bluezoom 746,twalewiczkp@admin.ch
747,Reallinks 747,akennlerkq@homestead.com
748,Fatz 748,htomczykowskikr@bbb.org
749,Twiyo 749,sphebeeks@ucoz.com
750,Yombu 750,welwellkt@symantec.com
751,Jabberstorm 751,kpimmeku@amazon.com
752,Kanoodle 752,mbrientkv@dedecms.com
753,Jaloo 753,jpenhallkw@flavors.me
754,Brightdog 754,wprendergrastkx@dyndns.org
755,Twitterwire 755,aabbieky@go.com
756,Shufflester 756,bullockkz@constantcontact.com
757,Twimbo 757,pgierathsl0@wikispaces.com
758,Quimm 758,rlangmanl1@aol.com
759,Topdrive 759,sbartolomal2@lulu.com
760,Mymm 760,ksargersonl3@ehow.com
761,Yacero 761,hkintzell4@upenn.edu
762,Vimbo 762,wwitherbedl5@hugedomains.com
763,Brainsphere 763,lprittyl6@usda.gov
764,Rooxo 764,cfoakesl7@csmonitor.com
765,Yozio 765,mgogiel8@opensource.org
766,Oyoloo 766,tramsdelll9@ehow.com
767,Muxo 767,hgraylingla@theguardian.com
768,Aivee 768,edodgsonlb@exblog.jp
769,Lazz 769,aallwardlc@flavors.me
770,Skidoo 770,aseilerld@shareasale.com
771,Yadel 771,rturbatle@cnbc.com
772,Zava 772,psoanlf@geocities.com
773,Tagopia 773,ddinjeslg@stumbleupon.com
774,Wordpedia 774,cmilburnlh@kickstarter.com
775,Jabbertype 775,klordenli@hc360.com
776,Meedoo 776,bteissierlj@tuttocitta.it
777,Tazzy 777,wambersonlk@technorati.com
778,Feedbug 778,agalloll@phoca.cz
779,Jaxspan 779,llowndeslm@amazon.co.uk
780,Topicblab 780,vshillabearln@over-blog.com
781,Mudo 781,psandlo@ucla.edu
782,Twitternation 782,jduckettlp@netscape.com
783,Brainbox 783,wfolkertslq@home.pl
784,Voolia 784,cdigregoriolr@angelfire.com
785,Yakidoo 785,egrogonals@huffingtonpost.com
786,Omba 786,rrickcordlt@epa.gov
787,Youspan 787,ckenyonlu@omniture.com
788,Bubbletube 788,slindenberglv@lulu.com
789,Yombu 789,lheymannlw@cargocollective.com
790,Voonyx 790,omahonylx@google.co.uk
791,Thoughtstorm 791,jleacockly@wikimedia.org
792,Mudo 792,jlipyeatlz@nsw.gov.au
793,Realblab 793,nkondratenkom0@msu.edu
794,InnoZ 794,mrumkem1@cnbc.com
795,Jayo 795,gcopcotem2@trellian.com
796,Topiclounge 796,smoorsm3@aboutads.info
797,Twitterbeat 797,gchablem4@eventbrite.com
798,Eadel 798,ssivewrightm5@census.gov
799,Browsezoom 799,pdunsirem6@miitbeian.gov.cn
800,Wikido 800,whaydonm7@webs.com
801,Twitternation 801,cmaygerm8@bandcamp.com
802,Topicblab 802,bbernonm9@jiathis.com
803,Brainverse 803,ztegellerma@1und1.de
804,Livetube 804,bhulmemb@bigcartel.com
805,Twinte 805,bkingabymc@youku.com
806,Minyx 806,kroyanmd@addthis.com
807,Oyonder 807,hbugbeeme@acquirethisname.com
808,Trilia 808,sperrellimf@ucoz.com
809,Ainyx 809,tbessellmg@tinyurl.com
810,Mynte 810,dockendenmh@virginia.edu
811,Youbridge 811,fgeeritsmi@toplist.cz
812,Rhynoodle 812,apackmanmj@slashdot.org
813,Mybuzz 813,mmorrellmk@europa.eu
814,Yoveo 814,lbernardetml@godaddy.com
815,Katz 815,dturbatmm@domainmarket.com
816,Ozu 816,cjakubovskymn@hhs.gov
817,Photobug 817,jmogenotmo@icq.com
818,Dynabox 818,ztoffolonimp@wikimedia.org
819,Aivee 819,wgerhartzmq@pen.io
820,Fliptune 820,sboornemr@java.com
821,Voomm 821,rrunnettms@google.com
822,Snaptags 822,mcluettmt@adobe.com
823,Jaxnation 823,ccammockmu@berkeley.edu
824,Cogilith 824,acleggmv@nydailynews.com
825,Youspan 825,ureddiemw@pbs.org
826,Meedoo 826,sfrazermx@istockphoto.com
827,Browsebug 827,ccleughmy@wikipedia.org
828,Blogtag 828,glodekemz@gravatar.com
829,Livetube 829,aoldeyn0@uiuc.edu
830,Skiptube 830,imyhann1@digg.com
831,Zoozzy 831,jchablen2@foxnews.com
832,Feedbug 832,ywomackn3@usa.gov
833,Blogspan 833,qguideran4@tmall.com
834,Realbuzz 834,gbastien5@fastcompany.com
835,Voomm 835,rlappingn6@1688.com
836,Eire 836,tmarnesn7@toplist.cz
837,Skyba 837,lkeymern8@sphinn.com
838,Aibox 838,arihan9@blogger.com
839,Zoomdog 839,nberriena@independent.co.uk
840,Lazz 840,djosefsennb@whitehouse.gov
841,Jetpulse 841,pmaciejanc@time.com
842,Skyble 842,jmclavertynd@addtoany.com
843,Avaveo 843,mpowleyne@icq.com
844,Fivechat 844,tcamplingnf@blogtalkradio.com
845,Skipstorm 845,cjoseferng@nih.gov
846,Dabvine 846,sbaggottnh@desdev.cn
847,Izio 847,uspatonini@accuweather.com
848,Quinu 848,cdungaynj@msn.com
849,Gabspot 849,tdalliwatrnk@rakuten.co.jp
850,Eire 850,cdavydzenkonl@timesonline.co.uk
851,Quatz 851,dknottenm@webs.com
852,Twitterlist 852,arueggnn@about.com
853,Brightbean 853,bfutterno@salon.com
854,Viva 854,gfeavernp@infoseek.co.jp
855,Mudo 855,jcowdennq@canalblog.com
856,Devcast 856,helcomenr@4shared.com
857,LiveZ 857,cbutterns@soundcloud.com
858,Eadel 858,elangthornent@typepad.com
859,Edgeclub 859,cmulcocknu@oaic.gov.au
860,Tagchat 860,cvuittenv@about.com
861,Aivee 861,tlamberteschinw@hugedomains.com
862,Youspan 862,ihaighnx@goo.ne.jp
863,Vinte 863,mbristoweny@dedecms.com
864,Viva 864,amaciaknz@nytimes.com
865,Devify 865,ewestburyo0@vkontakte.ru
866,Photolist 866,dleynagho1@macromedia.com
867,Fivechat 867,cedgingtono2@constantcontact.com
868,Feedfire 868,htreveso3@foxnews.com
869,Oyoloo 869,cblewo4@infoseek.co.jp
870,Mycat 870,fbownesso5@ask.com
871,Talane 871,mbutterlyo6@feedburner.com
872,Eadel 872,tfirebraceo7@youtube.com
873,Photobug 873,jbussello8@stumbleupon.com
874,Rhynyx 874,mlistoneo9@tripadvisor.com
875,Skyvu 875,whameroa@weibo.com
876,Oba 876,aoliveiraob@ed.gov
877,Eimbee 877,ystearleyoc@msu.edu
878,Voonyx 878,amiddlemistod@timesonline.co.uk
879,Tazzy 879,eorteltoe@printfriendly.com
880,Divavu 880,czanucioliiof@is.gd
881,Cogidoo 881,fhottonog@google.es
882,Twitterwire 882,tbernhardssonoh@nih.gov
883,Aimbo 883,sfurmongeroi@icq.com
884,Browsedrive 884,otoothilloj@smh.com.au
885,Bluejam 885,ytuplinok@51.la
886,Skalith 886,jradkeol@unblog.fr
887,Twitterbeat 887,alibbieom@gravatar.com
888,Twitterlist 888,slattinon@php.net
889,Bubblemix 889,ckunnekeoo@comcast.net
890,Jabberbean 890,bwhitcherop@mozilla.org
891,Kwilith 891,ahegdonneoq@studiopress.com
892,Twitterbridge 892,rmaskillor@joomla.org
893,Photolist 893,tbreinlos@mlb.com
894,Edgeblab 894,vwalteringot@netlog.com
895,Centimia 895,gbrafieldou@springer.com
896,Oba 896,fmattiaov@istockphoto.com
897,Trilith 897,astennineow@purevolume.com
898,Skinte 898,elinfootox@sitemeter.com
899,Janyx 899,pcrapperoy@parallels.com
900,Twitterworks 900,bfirminoz@sun.com
901,Pixope 901,asutterp0@pcworld.com
902,Leexo 902,ksaffinp1@alibaba.com
903,Vipe 903,mdearsleyp2@wikispaces.com
904,Skippad 904,cnisotp3@bizjournals.com
905,Yakidoo 905,lwessonp4@senate.gov
906,Dazzlesphere 906,dbastistinip5@clickbank.net
907,Zoomdog 907,vdecourseyp6@com.com
908,Riffwire 908,ssnapp7@jugem.jp
909,Kare 909,dfrodsamp8@joomla.org
910,Photospace 910,ndosedalep9@fotki.com
911,Zazio 911,vwhiskerdpa@upenn.edu
912,Blogspan 912,pdittspb@ycombinator.com
913,Gabcube 913,sgogiepc@over-blog.com
914,Yodo 914,dswabypd@clickbank.net
915,Flashpoint 915,tcajklerpe@symantec.com
916,Izio 916,nstuchburiepf@spotify.com
917,Zoonder 917,ljendaspg@state.tx.us
918,Zazio 918,dsextieph@spiegel.de
919,Zoomlounge 919,gdeehanpi@samsung.com
920,Twitterlist 920,dchaulkpj@cocolog-nifty.com
921,Ntags 921,eparncuttpk@nytimes.com
922,Yakitri 922,dyerbypl@dropbox.com
923,Voonte 923,pkarpmanpm@go.com
924,Avamm 924,epicktonpn@telegraph.co.uk
925,Youspan 925,edowleypo@sphinn.com
926,Kazu 926,messerypp@youtube.com
927,Lazz 927,cmarlerpq@ucla.edu
928,Topiczoom 928,alavenspr@e-recht24.de
929,Tagfeed 929,rstockerps@stumbleupon.com
930,Viva 930,talentyevpt@istockphoto.com
931,Meevee 931,mduffpu@statcounter.com
932,Meetz 932,feverexpv@opera.com
933,Trilia 933,efoysterpw@ucoz.ru
934,Topicshots 934,hamortpx@slideshare.net
935,Yakidoo 935,imarenpy@cbslocal.com
936,Quinu 936,rarnefieldpz@unblog.fr
937,Kwinu 937,pchallenq0@netscape.com
938,Eidel 938,vrupertoq1@wix.com
939,Fiveclub 939,igoodyerq2@rakuten.co.jp
940,Bubblebox 940,kfarrynq3@dot.gov
941,Janyx 941,broskeillyq4@msn.com
942,Ntags 942,padamiecq5@1und1.de
943,Zooxo 943,fbayleyq6@oakley.com
944,Edgepulse 944,lbuddleighq7@usa.gov
945,Shuffledrive 945,eshippq8@ustream.tv
946,Divape 946,vdudeneyq9@aboutads.info
947,Plambee 947,meilersqa@abc.net.au
948,Cogilith 948,pkearneyqb@bloomberg.com
949,Eadel 949,prametqc@zdnet.com
950,Jayo 950,grougeqd@washingtonpost.com
951,Rhyzio 951,kisaacsonqe@msu.edu
952,Livetube 952,clyffeqf@youtu.be
953,Mudo 953,gboatrightqg@washingtonpost.com
954,Edgeclub 954,pleiversqh@clickbank.net
955,Feedfire 955,ibarehamqi@squarespace.com
956,Gigaclub 956,lbaldacchinoqj@marketwatch.com
957,Brainlounge 957,cpetrisqk@squidoo.com
958,Jaxbean 958,ggoodhallql@wikipedia.org
959,Livepath 959,mbecclesqm@ow.ly
960,Mudo 960,abeddardqn@xing.com
961,Flashspan 961,lfilyukovqo@go.com
962,Browsecat 962,aspinleyqp@ask.com
963,Dabtype 963,ofruchonqq@t-online.de
964,Quatz 964,ssilvestonqr@hexun.com
965,Brainsphere 965,nmardollqs@house.gov
966,Podcat 966,dpelhamqt@booking.com
967,Miboo 967,mpfeufferqu@merriam-webster.com
968,Oyondu 968,belvinqv@twitter.com
969,Realcube 969,imacvaughqw@mlb.com
970,Skibox 970,mrawlinqx@sitemeter.com
971,Avamm 971,dfeechanqy@ox.ac.uk
972,Oyope 972,efranzkeqz@purevolume.com
973,Ntags 973,aaustenr0@istockphoto.com
974,Minyx 974,dseinr1@businessinsider.com
975,Trilia 975,bmccloughlinr2@opera.com
976,Linklinks 976,pwayperr3@opera.com
977,Kazu 977,eboultonr4@goo.gl
978,Photobug 978,adythamr5@bluehost.com
979,Katz 979,lroubottomr6@alibaba.com
980,Mudo 980,dlarmettr7@dion.ne.jp
981,Browsetype 981,csparwellr8@ebay.co.uk
982,Meetz 982,pshearmerr9@apache.org
983,Wikizz 983,llyttlera@xinhuanet.com
984,Podcat 984,onaismithrb@aol.com
985,Youbridge 985,rjaffrayrc@issuu.com
986,Wordware 986,rmacallenrd@epa.gov
987,Wordpedia 987,ncockertonre@cmu.edu
988,Topicblab 988,maudibertrf@google.co.jp
989,Kazu 989,aelyrg@webnode.com
990,Brainlounge 990,rtafanirh@nps.gov
991,Eazzy 991,rlimmingri@sphinn.com
992,Yodo 992,bbaggottrj@comsenz.com
993,Kwilith 993,rsparhawkrk@npr.org
994,Oyoyo 994,wdemongeotrl@sakura.ne.jp
995,Twitterlist 995,smuspratrm@i2i.jp
996,Eadel 996,lmaevelarn@ucoz.com
997,Quatz 997,epellissierro@seattletimes.com
998,Wikibox 998,gkowalrp@nationalgeographic.com
999,Kwinu 999,esinnockrq@vk.com
1000,InnoZ 1000,oblumrr@reuters.com
