ID,NAME,COMPANY_ID
1,cmcaline0,938
2,akirdsch1,644
3,glentsch2,
4,sbreward3,
5,tgurdon4,
6,sgarmston5,10
7,njelfs6,
8,itomaszewicz7,167
9,eforsdicke8,402
10,acastelijn9,172
11,awilsea,
12,senochb,
13,rloughreyc,116
14,aorderd,
15,egarthlande,355
16,mmeeref,
17,dbexong,
18,ocatchpoleh,
19,bhaddestoni,
20,dtindleyj,642
21,ifransecok,536
22,ltickl,
23,lmaclucaism,1000
24,ngundersonn,902
25,gbelbino,998
26,cderricoatp,992
27,kfennickq,752
28,cwinskillr,483
29,bbuglers,750
30,mcarrabottt,183
31,bsmeatonu,
32,pfredav,18
33,nauthersw,
34,gfairneyx,
35,fbranchetty,293
36,bcaultonz,
37,tinfante10,
38,jlhomme11,484
39,lrennocks12,461
40,dpaton13,
41,rbirkwood14,
42,sdorsay15,
43,sjanaszkiewicz16,
44,ccoger17,819
45,vcockton18,
46,rduignan19,863
47,imcwhin1a,
48,bpremble1b,
49,rweddeburnscrimgeour1c,
50,bcatherine1d,
51,rmieville1e,661
52,sshillingford1f,327
53,alambart1g,931
54,cstokell1h,
55,cpaur1i,25
56,sagronski1j,283
57,bfellis1k,92
58,fsproson1l,
59,gkilfeather1m,673
60,ghymers1n,889
61,clist1o,1
62,bschiersch1p,
63,dsebright1q,434
64,lgairdner1r,436
65,cawton1s,765
66,fnesterov1t,
67,gpitrollo1u,235
68,zzupa1v,126
69,eescofier1w,436
70,jplank1x,941
71,pdelazenne1y,907
72,strownson1z,
73,nmcgriele20,
74,cjanaszewski21,522
75,rpoulsen22,741
76,adiffley23,88
77,sjahnisch24,375
78,ddanit25,
79,wascrofte26,85
80,kskeen27,518
81,mtures28,193
82,svynarde29,92
83,ncaron2a,
84,tgreder2b,
85,ecrighten2c,336
86,spunyer2d,
87,eblain2e,
88,hmorden2f,543
89,soyley2g,
90,rcowhig2h,430
91,alabastida2i,218
92,fmartellini2j,197
93,ccaveney2k,
94,syeskov2l,
95,avoce2m,
96,emulholland2n,
97,bbarwood2o,
98,corteau2p,
99,jolifaunt2q,635
100,imacgaughie2r,
101,belston2s,
102,hsnoad2t,
103,nbiner2u,939
104,nemney2v,480
105,ctrevaskus2w,
106,dbertram2x,
107,bthorius2y,
108,tcicchetto2z,
109,jmatusevich30,
110,breany31,867
111,pgiorgietto32,
112,bconibear33,
113,cyeend34,128
114,gpeak35,807
115,gvader36,79
116,gwalliker37,
117,agoadby38,
118,aconquest39,
119,plehrmann3a,
120,traybould3b,
121,nmclardie3c,591
122,sattwoul3d,21
123,rgarron3e,3
124,amulgrew3f,
125,dlakes3g,
126,lhowat3h,
127,bbuckthorp3i,
128,dgalloway3j,91
129,obrobyn3k,
130,wbaugh3l,412
131,sbeevers3m,
132,mgreaser3n,880
133,eubsdall3o,
134,kspens3p,339
135,clegood3q,
136,tfoddy3r,
137,kfarrear3s,
138,amanssuer3t,
139,ddecaze3u,
140,tbellenger3v,746
141,khinkins3w,
142,wangless3x,126
143,epretor3y,840
144,cwoollacott3z,886
145,gfeldheim40,29
146,dgawne41,
147,ncaiger42,
148,lclamp43,
149,kboakes44,
150,rtwitty45,932
151,ystebbins46,
152,kmarsden47,646
153,mchurches48,
154,gradbone49,
155,tcaltun4a,
156,packhurst4b,
157,bdestouche4c,
158,telkin4d,
159,eprudham4e,
160,dwetherhead4f,
161,dlubeck4g,
162,nbenedict4h,
163,salgy4i,476
164,greedshaw4j,86
165,fjozwicki4k,178
166,zead4l,
167,gmacdermott4m,806
168,wgunby4n,
169,wsorro4o,841
170,cczaple4p,649
171,gkirckman4q,
172,hoverpool4r,
173,tchrichton4s,837
174,ephilippon4t,
175,dgofforth4u,770
176,cwhelpdale4v,
177,nbaford4w,370
178,gcaush4x,
179,hacuna4y,649
180,ntwidle4z,561
181,tbanbrick50,
182,ralldred51,164
183,dlawfull52,183
184,tmeijer53,752
185,bsabates54,998
186,lpigden55,570
187,lbrownbridge56,
188,dlasslett57,206
189,amaccahey58,463
190,ocasham59,
191,jtrice5a,743
192,obrounfield5b,558
193,rshaxby5c,
194,nditt5d,991
195,lmcgreil5e,17
196,dmckane5f,
197,lwaind5g,969
198,tgarnall5h,644
199,slaidel5i,231
200,efulton5j,596
201,granderson5k,
202,dlingard5l,
203,ebrandacci5m,4
204,tbauser5n,
205,lcolleran5o,663
206,pghilardi5p,299
207,dlinnock5q,51
208,gcattell5r,
209,wleathers5s,433
210,mstanborough5t,146
211,sduckitt5u,
212,tbenedict5v,
213,dfreemantle5w,242
214,rdadds5x,961
215,tmuldowney5y,
216,jwiggans5z,
217,jaberchirder60,385
218,amacgahey61,
219,lmacdermid62,218
220,twarrender63,972
221,tastall64,
222,jschout65,
223,jcavey66,790
224,nspensley67,
225,hnarracott68,246
226,mmcane69,
227,tgorner6a,13
228,hsaggs6b,323
229,fmccloughlin6c,380
230,tpantecost6d,
231,brojel6e,73
232,kcastano6f,196
233,kredit6g,
234,wwhyte6h,
235,ksallery6i,704
236,brenny6j,679
237,cfreebury6k,
238,kmowbury6l,
239,kmarciek6m,300
240,jhof6n,964
241,bpauncefort6o,
242,lplampeyn6p,
243,fgibson6q,
244,cropkes6r,873
245,fbentick6s,216
246,cfleckney6t,
247,pcoldwell6u,
248,mkilius6v,373
249,wmanshaw6w,
250,rfanstone6x,
251,tlottrington6y,219
252,swalkley6z,678
253,dkildale70,
254,nelman71,
255,tgolde72,773
256,omcmenamie73,720
257,ltrulock74,
258,sneeve75,724
259,rjurgen76,
260,mgranleese77,451
261,mlacaze78,794
262,ashaxby79,28
263,rgeaney7a,285
264,aboribal7b,407
265,jewart7c,434
266,whaughian7d,
267,eantonikov7e,
268,apien7f,
269,ohobben7g,258
270,ibecket7h,691
271,alansdown7i,522
272,cplatfoot7j,
273,golland7k,
274,brings7l,
275,llewnden7m,442
276,slyte7n,670
277,splain7o,708
278,abrett7p,
279,aeckley7q,650
280,tfincher7r,
281,preimer7s,62
282,kboncore7t,858
283,ksparkwill7u,623
284,ccelez7v,
285,ohunton7w,45
286,sranken7x,
287,djakoviljevic7y,246
288,wklimsch7z,
289,chancock80,
290,tstiffell81,
291,aesome82,737
292,sdugo83,
293,fciobutaru84,
294,ecyson85,
295,mwitherden86,
296,csimson87,652
297,cgrason88,627
298,tgumby89,
299,hkadar8a,178
300,mwatkin8b,696
301,tgillcrist8c,914
302,ilocker8d,477
303,fdanilchenko8e,
304,lismail8f,431
305,omessom8g,
306,plilion8h,886
307,ttoy8i,
308,mguwer8j,
309,nlanfer8k,
310,ccruickshank8l,
311,cdunbabin8m,
312,smaughan8n,
313,lcronchey8o,256
314,dhowship8p,775
315,hdommersen8q,
316,afazan8r,982
317,lfrere8s,829
318,wwinterton8t,152
319,jharries8u,
320,lspatig8v,40
321,aplaydon8w,
322,gendersby8x,316
323,stoghill8y,829
324,sdallon8z,
325,ldonet90,819
326,eolliff91,621
327,lduckerin92,
328,kmease93,
329,rkilalea94,
330,swhiley95,801
331,rhutfield96,
332,yfagge97,
333,mtomankowski98,
334,ddullard99,291
335,espriggen9a,285
336,pkidston9b,236
337,tgracewood9c,938
338,acarlin9d,
339,jboays9e,727
340,plagden9f,
341,mgoublier9g,
342,jboneham9h,
343,ocapaldi9i,
344,hdunlea9j,216
345,dgledhall9k,434
346,lincogna9l,127
347,kbampton9m,876
348,comullane9n,596
349,ddeetlof9o,588
350,gvyel9p,
351,caggiss9q,
352,mraun9r,
353,jsole9s,
354,mleyre9t,
355,cmccutcheon9u,837
356,ericciardi9v,94
357,acrinion9w,264
358,glumbers9x,454
359,llongstreeth9y,
360,csartin9z,
361,sszymaneka0,
362,gclausnera1,275
363,fharrisona2,810
364,zperesa3,
365,cdaubneya4,
366,ljovisa5,851
367,dfeldmarka6,46
368,apaulusa7,
369,mcrowleya8,405
370,soiliera9,714
371,ewalcotaa,
372,ccominsab,
373,aseekingsac,716
374,tglewad,760
375,rquaintanceae,
376,zalbroaf,317
377,loverilag,931
378,rmartignonah,
379,lbeisleyai,48
380,kcoddringtonaj,730
381,hnatonak,
382,rlongfieldal,387
383,eseakinam,
384,crolstonean,379
385,otomblinao,544
386,bebbottsap,443
387,hsephtonaq,704
388,rlandegar,475
389,dyacobas,
390,athynnat,
391,imckerleyau,
392,bassadav,
393,cbryeraw,422
394,ssharnockax,
395,dbourdonay,
396,astanleyaz,
397,cbearfootb0,437
398,dferyb1,432
399,olefridgeb2,
400,ecolombierb3,627
401,rgobatb4,969
402,agaukrogerb5,
403,bcurrinb6,
404,sdorlingb7,
405,reasmanb8,
406,gstrutleyb9,118
407,jmarshlandba,
408,gdickiebb,
409,dclerybc,514
410,cjanusbd,
411,stilberrybe,909
412,acavenbf,16
413,wcutajarbg,
414,ogoffbh,
415,dyushinbi,267
416,vknightlybj,
417,tlungebk,56
418,llateybl,
419,hflacknellbm,851
420,jrahlofbn,931
421,dsaffonbo,858
422,jmonellibp,
423,cevensdenbq,
424,sguerrebr,
425,omccallisterbs,919
426,jdimeobt,98
427,rfieldhousebu,512
428,darnelybv,325
429,mdeehanbw,
430,mbradockbx,
431,fyacobby,
432,kthreadkellbz,50
433,fneseyc0,
434,dbowlesworthc1,
435,mkerwinc2,479
436,gmcnirlanc3,
437,dgilbanksc4,611
438,mdubarryc5,
439,jillingworthc6,441
440,fstoneyc7,
441,dcleevec8,3
442,gmatissoffc9,
443,obreissanca,
444,rbudgeoncb,
445,doriscc,
446,hbasiliocd,
447,clivseyce,
448,mbuckneycf,616
449,trochestercg,92
450,agyech,289
451,ccordelci,355
452,aballstoncj,
453,mseniorck,
454,mjosephoffcl,138
455,amapletoftcm,409
456,rweighcn,87
457,sbridgeco,132
458,bchazellecp,285
459,epratleycq,
460,wmckeagcr,
461,scomettoics,
462,vmoscropct,32
463,lbartaluccicu,958
464,agillettcv,36
465,bchezellecw,
466,wpearnecx,
467,gdowscy,800
468,rcolhouncz,683
469,acosbeyd0,781
470,smagwoodd1,614
471,ckettlesd2,
472,nselfd3,354
473,tjonssond4,
474,bskallyd5,
475,bcasarolid6,175
476,ttrand7,191
477,ktumiltyd8,760
478,twannd9,438
479,fomrodda,216
480,kacarsondb,489
481,ldibsondc,988
482,mmcgranndd,401
483,dstradlingde,
484,mgoodladdf,
485,bpinderdg,448
486,mcuddydh,638
487,tmorgondi,
488,ddeaconsondj,
489,labsalomdk,108
490,lchatresdl,
491,sshillitoedm,
492,sedmeadsdn,
493,agleeddo,
494,bkohterdp,521
495,ntregonadq,
496,tdelaspeedr,165
497,nironsds,
498,kclementdt,
499,gcosgrivedu,159
500,aepgravedv,919
501,bmatieudw,
502,aalmeydx,915
503,mparsleydy,
504,kbedburydz,
505,cleaninge0,
506,wcorpee1,679
507,elarrawaye2,141
508,sdebeauchempe3,336
509,acaffertye4,73
510,bchurchinge5,765
511,hbristoe6,116
512,jgeffee7,321
513,wsalvatoree8,838
514,vstormese9,817
515,cdransfieldea,
516,mmarkloweb,
517,krutiglianoec,108
518,jrokeed,
519,hbarrittee,679
520,smccotteref,
521,hmousereg,
522,bblaymireseh,
523,flethemei,
524,hniccolsej,
525,wmainlandek,
526,kbaberel,934
527,pwoolmerem,
528,eiacovuccien,755
529,hdambrogieo,
530,rsargeantep,89
531,jkinchleyeq,294
532,eclemendoter,330
533,rskipseyes,
534,cduplantieret,
535,cdyetteu,704
536,dlynasev,499
537,etoppasew,
538,pmccallionex,
539,landriveauey,463
540,dstandellez,
541,gwayvillf0,
542,chuffeyf1,402
543,bwhaleyf2,308
544,mshackeltonf3,
545,belstonef4,
546,sraisbeckf5,
547,dlabordef6,
548,eivantyevf7,
549,cmckeatingf8,220
550,kscarsbrookef9,
551,krowlinfa,505
552,fberkleyfb,
553,ltolossifc,515
554,hsmitheramfd,
555,ccrenagefe,807
556,epolglazeff,
557,hnoursefg,
558,bsarchfh,
559,owildishfi,
560,escholarfj,438
561,mchapmanfk,
562,vsorriefl,785
563,tdurstonfm,633
564,mleurenfn,847
565,mdaishfo,
566,dpattesallfp,479
567,kkensonfq,
568,mgippfr,538
569,cvalesfs,394
570,mknutsenft,
571,bvillaretfu,
572,tvennfv,
573,gbirtlefw,701
574,smedlenfx,318
575,mchecchify,
576,kfilipponefz,
577,dperezg0,565
578,jheareg1,303
579,kbriscog2,
580,slapereg3,814
581,nbreffittg4,548
582,cfranssong5,
583,hfountaineg6,
584,pbilslandg7,
585,nridgewayg8,
586,wdibbertg9,127
587,slodderga,491
588,wmatteagb,391
589,pschwartzgc,
590,erowlettgd,
591,hlohrensenge,158
592,bhightowngf,
593,pabelagg,
594,blabramgh,897
595,fgrafhamgi,
596,cshadegj,793
597,lwinsletgk,
598,wlettsomgl,
599,gnorthgravesgm,
600,glevenskygn,
601,tstarlinggo,351
602,jcoppardgp,921
603,dgarnulgq,132
604,cvalenssmithgr,
605,phenlongs,
606,jbulstrodegt,
607,tuphamgu,453
608,rbladongv,328
609,dvogeleingw,
610,jbryangx,
611,etunnicliffgy,
612,ajammegz,40
613,mbeaumanh0,211
614,cshowenh1,
615,pbodycoteh2,983
616,challsworthh3,
617,hliversageh4,
618,clairdh5,822
619,mmarcosh6,
620,ppaytonh7,567
621,jebbersh8,883
622,dliveleyh9,
623,hgarlandha,
624,kcolquithb,890
625,nmachonhc,
626,mmcphersonhd,
627,wreadwinhe,
628,llowrancehf,621
629,utroyhg,
630,fetheridgehh,965
631,etolanhi,152
632,nlazarehj,672
633,rbourkehk,649
634,hmoxtedhl,
635,aleamanhm,668
636,fkynanhn,208
637,jreamsho,165
638,tbackshawhp,341
639,jchidzoyhq,
640,etrytsmanhr,
641,echampneyshs,
642,bwillshireht,895
643,tsiggenshu,
644,vhakkinghv,
645,hfishbournehw,29
646,msouthanhx,432
647,earnalhy,
648,rbroshhz,611
649,ttacklei0,774
650,tassoni1,
651,aimeseni2,79
652,karthyi3,
653,cessbergeri4,
654,gcaunteri5,697
655,jdebeauchempi6,956
656,cmarkwelleyi7,660
657,cdickoni8,
658,ajosuweiti9,
659,hbessonia,822
660,gbilbeeib,
661,ptomekic,415
662,denneverid,223
663,fhowbrookie,115
664,gbrowettif,887
665,korrahig,470
666,bdrooganih,659
667,atickleii,414
668,sgriggsij,
669,acattelik,
670,sferrettiniil,
671,cspeereim,555
672,areitenbachin,
673,jwhaleio,217
674,gmaceip,
675,rmessinghamiq,
676,eelwelir,420
677,tlosemannis,426
678,spetrovykhit,
679,bswyreiu,
680,cportmaniv,708
681,sporcheriw,
682,bpaulettoix,830
683,lgarnhamiy,295
684,nguidiiz,
685,mdobrowskij0,165
686,jgloyj1,191
687,apassfieldj2,
688,caloshikinj3,
689,hmcdonaldj4,428
690,sbraitlingj5,113
691,ijosofovitzj6,664
692,cwoodcroftj7,855
693,jlachezej8,950
694,icowdrayj9,30
695,cgoldingja,
696,acrittaljb,518
697,alillecrapjc,958
698,twickmanjd,
699,ebottomleyje,926
700,acharettejf,
701,mgrimoldbyjg,
702,lsamueljh,903
703,speatheyjohnsji,349
704,pocurranjj,616
705,gsorrelljk,
706,tavardjl,
707,sfranzenjm,846
708,mmeindljn,
709,agookeyjo,
710,ascrigmourjp,
711,dcrierjq,
712,gjirakjr,601
713,aibbetsonjs,498
714,mdimeloejt,675
715,fbinneyju,84
716,ebedboroughjv,796
717,eferrierjw,
718,valdiejx,
719,kthreadgoldjy,57
720,sshearsbyjz,717
721,fkeaseyk0,528
722,mworgenk1,779
723,ldautryk2,25
724,wepinek3,
725,bfitzjohnk4,274
726,amarxsenk5,
727,brosenzwigk6,481
728,balbenk7,198
729,rleethemk8,365
730,jtrumpk9,23
731,mtodmanka,
732,asulllykb,6
733,somarakc,
734,ghempelkd,945
735,rjehaeske,
736,wcullaghkf,
737,gbarnewellkg,
738,ccecelykh,263
739,aalleburtonki,671
740,amatejovskykj,
741,gbisetkk,368
742,fmealekl,871
743,ahughlockkm,
744,fpimmockekn,941
745,cbeningfieldko,
746,codyvoiekp,30
747,rbreetonkq,43
748,asarvarkr,
749,idukerks,
750,hzanollikt,211
751,rallbutku,719
752,nhilbournekv,
753,gcordetkw,
754,tpadberykx,789
755,mmcilwraithky,
756,tdellenbrokkz,
757,dpauluschl0,157
758,bshipmanl1,
759,sculliganl2,
760,jpeteral3,
761,nfordel4,
762,slamiel5,
763,ldarnelll6,583
764,tbangl7,
765,ldyerl8,
766,ripplettl9,
767,kadamecla,506
768,rborgbartololb,
769,dcranglc,591
770,beldershawld,
771,sheadonle,
772,eelfordlf,653
773,hredgrovelg,538
774,grubenczyklh,173
775,gblydeli,
776,kgagerlj,
777,mgillianlk,77
778,etheoboldll,304
779,apettettlm,305
780,mmacmechanln,
781,ccollynslo,355
782,hflementlp,667
783,ncorneslq,598
784,lbaldacchinolr,396
785,gbrassels,
786,sraoullt,322
787,nwalducklu,
788,ovallerlv,
789,abridatlw,749
790,jedwardsonlx,175
791,wpopplely,582
792,aatterburylz,221
793,dnairnem0,
794,mwurzm1,
795,smccroriem2,
796,jsugdenm3,77
797,egardnerm4,94
798,vjeakinsm5,
799,pphythianm6,
800,gdenem7,387
801,anorsworthym8,812
802,kcyseleym9,863
803,pdrewsma,
804,gwhightmanmb,
805,rsherwillmc,
806,jocrianemd,
807,tsouleyme,838
808,ewegmanmf,
809,jtamplinmg,319
810,bcolleranmh,
811,hgrievsonmi,
812,ateesemj,680
813,dfoistermk,
814,nsalterml,
815,iclarricoatesmm,370
816,nconklinmn,789
817,glewismo,
818,fcocozzamp,
819,ncottamq,508
820,anorthbridgemr,
821,ajorgesenms,119
822,mcreavenmt,839
823,kgodboldmu,
824,pkolakmv,
825,hmitchellmw,532
826,atashmx,
827,jkingshottmy,250
828,dgilcriestmz,
829,jmaggiorin0,875
830,tcostelln1,233
831,stombsn2,366
832,ylowersonn3,
833,kwhyberdn4,936
834,scockshootn5,
835,criban6,173
836,gaudusn7,835
837,lphebeyn8,306
838,barkown9,702
839,pmacterrellyna,
840,cjuzeknb,837
841,gmclainenc,
842,lsodand,382
843,fdickene,
844,joxladenf,147
845,ssternng,246
846,emcminnnh,582
847,kgymblettni,
848,kbaldacchinonj,939
849,fscarsbrooknk,863
850,mmcadamnl,199
851,blinsleynm,
852,lfurmingernn,795
853,jkirsoppno,559
854,srosenstengelnp,
855,dmarnanenq,579
856,adimitrovnr,54
857,kklulikns,85
858,msurrnt,314
859,jcresseynu,329
860,csabatenv,522
861,pmatissenw,458
862,llearienx,237
863,pdimmackny,393
864,gbarnettnz,
865,cwhettono0,985
866,ismalemano1,
867,rtunnicliffo2,474
868,dgowthropo3,
869,srydingo4,
870,fhalberto5,342
871,jbrissendeno6,
872,htrevaskisso7,773
873,ccheziero8,227
874,wboughtono9,
875,hsealeoa,581
876,bstandellob,535
877,dsuggettoc,
878,alordingod,518
879,kphilippeoe,
880,lmuglestonof,
881,dmcclevertyog,479
882,jgouleyoh,
883,csislandoi,
884,dnesfieldoj,664
885,hwittok,530
886,dfadellol,
887,amartinsonom,1000
888,tscroggeson,464
889,rhentzeoo,520
890,aboakeop,668
891,mdorrooq,
892,kgaylardor,
893,sstuddeos,971
894,fsaffeot,
895,celvenou,
896,ocoffinov,287
897,pwalkingtonow,
898,nchazetteox,389
899,csalernooy,2
900,bstitheoz,565
901,pnewcomp0,
902,aboldeckep1,986
903,mdrynanp2,335
904,hleclercqp3,
905,hbalintp4,874
906,dzanussiip5,
907,dhallgalleyp6,765
908,cschankelp7,
909,ipurdyp8,483
910,ksandlandp9,826
911,gspiritpa,445
912,jcarahpb,204
913,ckildalepc,4
914,mdawtrepd,801
915,tquarlespe,63
916,tfellowespf,
917,ecrossgrovepg,453
918,ddibiasioph,358
919,zgorringepi,274
920,kgirodinpj,25
921,cscholepk,
922,gnewartepl,768
923,nbroggiopm,352
924,kmillionpn,774
925,jpaganpo,197
926,arobjantpp,
927,dhassanpq,
928,adraperpr,
929,hmuslaps,948
930,llingwoodpt,
931,ewonfarpu,756
932,nlumbypv,743
933,mcuolahanpw,
934,rvezeypx,
935,rmcdowellpy,
936,lblakemanpz,676
937,swiggansq0,590
938,mwareq1,
939,amcilvennaq2,
940,jfordyq3,
941,cgodlipq4,
942,acorradiq5,863
943,mnaniq6,148
944,jsheraq7,792
945,sendeanq8,911
946,bbodycombeq9,
947,sdreschlerqa,
948,mtoftqb,586
949,lcadanyqc,
950,ematteuzziqd,599
951,agreaderqe,668
952,haingeqf,225
953,askirvenqg,974
954,ryuryatinqh,304
955,fleilqi,265
956,mfarresqj,
957,ebateqk,542
958,gcinavasql,
959,grickardqm,985
960,dmacallenqn,
961,cbarbischqo,
962,lcheasmanqp,215
963,ebootlandqq,738
964,scoyqr,894
965,lrekesqs,
966,amanginotqt,
967,dkachellerqu,60
968,dbreslauqv,
969,khundallqw,421
970,bsmitherhamqx,951
971,lcareswellqy,862
972,thaynesfordqz,719
973,cfortonr0,
974,mconcannonr1,
975,fscintsburyr2,908
976,galkerr3,
977,msnarer4,
978,ashirerr5,221
979,smackibbonr6,206
980,acreberr7,
981,vmcgiffinr8,461
982,gflewanr9,
983,ewhorfra,168
984,pcastledinerb,
985,shuglirc,
986,agrigolonrd,968
987,rkidgellre,
988,jduthierf,
989,ecahillanerg,476
990,fsayerh,250
991,tpentycrossri,946
992,afedynskirj,362
993,dstoutrk,
994,pspicerrl,692
995,ioatenrm,129
996,gdzenisenkarn,243
997,mvogeleinro,
998,adifrancescorp,
999,gdebenedictisrq,771
1000,bfairestrr,
